"segment"	"thesis"	"first_page"	"last_page"	"pages"	"title"	"summary"	"theatre_logline"	"theatre_cast"	"theatre_setting"	"theatre_action"	"thesis_number"	"thesis_topic"	"duration_pages"
"1"	""	"1"	"6"	"6"	"Ausschreiben des Berner Rats zur Disputation 1528"	"Schultheiss, Kleiner und Grosser Rat der Stadt Bern laden Geistliche, Bischöfe und Eidgenossen zu einem Religionsgespräch nach Bern ein, um der Glaubensspaltung ein Ende zu setzen. Als alleinige Richtschnur und Entscheidungsgrundlage für die Verhandlungen wird ausschliesslich die Heilige Schrift des Alten und Neuen Testaments bestimmt. Allen Teilnehmenden wird freies Geleit und Redefreiheit zugesichert, während die Geistlichen des Berner Gebiets bei Verlust ihrer Pfründen zur Anwesenheit verpflichtet werden."	"Niclaus Christen (Die katholische Seite) verfahrenseinleitung: Ausschreiben des Berner Rats zur Disputation 1528."	"Sänger von Zoffingen"	"Berner Rathaus oder Grossratssaal — feierliche Eröffnung durch Rat und Prediger"	"Eine Partei verteidigt ihre Position mit theologischen Argumenten."	"—"	"Verfahrenseinleitung"	"6"
"2"	""	"7"	"11"	"5"	"Zehn Berner Schlussreden, Vorrede und Disputationsordnung"	"Die Berner Prädikanten Franz Kolb und Berchtold Haller stellen ihre zehn reformatorischen Schlussreden vor, die allein auf der Heiligen Schrift gründen. In einer Vorrede begründen Schultheiss, Rat und Burger von Bern die Einberufung der Disputation sowie die Veröffentlichung der Verhandlungsprotokolle im Druck. Zudem werden der Ablauf der Verhandlungen im Berner Barfüsserkloster sowie die Pflichten der eingesetzten Präsidenten und vereidigten Schreiber dargelegt."	"Niclaus Christen, Berchtold Haller, Franz Kolb u.a. (Reformierte und katholische Theologen) verfahrenseinleitung: Zehn Berner Schlussreden, Vorrede und Disputationsordnung."	"Sänger von Zoffingen; Berner Prädikant; Berner Schultheiss; Berner Präsident"	"Barfüsserkloster Bern — Eröffnungssitzung, Disputationsordnung, erste Begrüssungen"	"Ein Verhandlungsabschnitt von 5 Seiten."	"—"	"Verfahrenseinleitung"	"5"
"3"	""	"12"	"19"	"8"	"Ablauf, Teilnehmer und Eröffnung der Disputation"	"Nach Darlegung der Disputationsordnung und der Registrierung der anwesenden sowie abwesenden Gesandtschaften wird auf gegnerische Schriften von Johannes Eck und Johannes Cochläus hingewiesen. Zur Eröffnung der ersten Session am 7. Januar 1528 ermahnt Joachim von Watt im Namen der Präsidenten alle Beteiligten zu einer geordneten und friedlichen Verhandlung. Anschliessend begrüsst der Berner Prädikant Franz Kolb die Versammlung und erklärt die Bereitschaft der reformierten Prediger, ihren Glauben anhand der Heiligen Schrift zu begründen."	"Johannes Eck, Niclaus Christen, Berchtold Haller u.a. (Reformierte und katholische Theologen) verfahrenseinleitung: Ablauf, Teilnehmer und Eröffnung der Disputation."	"Katholischer Theologe; Sänger von Zoffingen; Berner Prädikant; Berner Schultheiss"	"Barfüsserkloster Bern — Eröffnungssitzung, Disputationsordnung, erste Begrüssungen"	"Eine Ermahnung zur Ordnung unterbricht die Debatte."	"—"	"Verfahrenseinleitung"	"8"
"4"	"1"	"20"	"29"	"10"	"Disputation über das einzige Haupt der Kirche"	"Berchtold Haller begründet die erste Schlussrede und legt dar, dass die christliche Kirche allein auf Gottes Wort gegründet sei und Christus ihr einziges Haupt bleibe. Nach einer Wortmeldung von Johannes Ökolampad wendet der Dominikaner Alexius Grat ein, dass Christus mit Petrus und dessen Nachfolgern ein sichtbares irdisches Kirchenhaupt eingesetzt habe. Haller und Grat debattieren daraufhin darüber, ob die Schrift ein solches stellvertretendes Haupt neben Christus überhaupt zulässt."	"Alexius Grat, Niclaus Christen, Berchtold Haller (Reformierte und katholische Theologen) christus allein als haupt der kirche — keine menschliche oberhoheit: Disputation über das einzige Haupt der Kirche."	"Dominikaner; Sänger von Zoffingen; Berner Prädikant"	"Barfüsserkloster Bern — Verhandlungen im Langschiff"	"Ein Verhandlungsabschnitt von 10 Seiten."	"1"	"Christus allein als Haupt der Kirche — keine menschliche Oberhoheit"	"10"
"5"	"1"	"30"	"36"	"7"	"Debatte über Christus oder Petrus als Haupt der Kirche"	"Berchtold Haller und Martin Bucer betonen gegen den Beichtvater, dass allein Christus das regierende Haupt der Kirche sei und Petrus lediglich ein dienender Prediger war. Der Beichtvater versucht anhand biblischer Stellen zur Schlüssel- und Hirtengewalt zu beweisen, dass Petrus und dessen Nachfolger als Statthalter Christi die Kirche leiten. Nachdem ihm die Ratspräsidenten das Zitieren von Kirchenvätern untersagt haben, bekräftigt Bucer die Forderung nach einem rein schriftbasierten Beweis für ein solches kirchliches Haupt."	"Niclaus Christen, Berchtold Haller, Martin Bucer (Reformierte und katholische Theologen) christus allein als haupt der kirche — keine menschliche oberhoheit: Debatte über Christus oder Petrus als Haupt der Kirche."	"Sänger von Zoffingen; Berner Prädikant; Reformator, Strassburg"	"Barfüsserkloster Bern — Verhandlungen im Langschiff"	"Ein Verhandlungsabschnitt von 7 Seiten."	"1"	"Christus allein als Haupt der Kirche — keine menschliche Oberhoheit"	"7"
"6"	"1"	"37"	"40"	"4"	"Disput über Petrus als Haupt der Kirche"	"Martin Bucer fordert Schriftbelege dafür, dass Petrus ein Haupt der Kirche genannt werden darf, und betont, dass allein Christus als geistlicher Herr die Herzen erneuern kann. Der Beichtvater entgegnet, dass Petrus durch die Schlüsselgewalt und den Hirtenauftrag Christi mit einer Vorrangstellung in der Kirchenleitung betraut worden sei. Während Bucer erneut hervorhebt, dass die Apostel lediglich Diener des Evangeliums waren, verteidigt der Beichtvater die Vollmacht des apostolischen Statthalteramts auch für das Gewissen."	"Niclaus Christen, Martin Bucer (Reformierte und katholische Theologen) christus allein als haupt der kirche — keine menschliche oberhoheit: Disput über Petrus als Haupt der Kirche."	"Sänger von Zoffingen; Reformator, Strassburg"	"Barfüsserkloster Bern — Verhandlungen im Langschiff"	"Eine Partei verteidigt ihre Position mit theologischen Argumenten."	"1"	"Christus allein als Haupt der Kirche — keine menschliche Oberhoheit"	"4"
"7"	"1"	"41"	"47"	"7"	"Haller und der Beichtvater über das Amt Petri"	"Berchtold Haller legt dar, dass Petrus und die Apostel lediglich Diener des Wortes und Verwalter der göttlichen Geheimnisse waren, Christus allein aber das wahre Haupt der Kirche ist. Er deutet die Schlüsselgewalt sowie das Binden und Lösen als Predigtamt des Evangeliums, welches allen Aposteln gleichermassen übertragen worden sei. Der Beichtvater verteidigt dagegen die Leitungsfunktion des Petrus und vergleicht dessen Stellung mit der eines Herzogs, der gegenüber dem König Untertan, gegenüber seinen Untergebenen aber ein Haupt ist."	"Johannes Eck, Niclaus Christen, Berchtold Haller (Reformierte und katholische Theologen) christus allein als haupt der kirche — keine menschliche oberhoheit: Haller und der Beichtvater über das Amt Petri."	"Katholischer Theologe; Sänger von Zoffingen; Berner Prädikant"	"Barfüsserkloster Bern — Verhandlungen im Langschiff"	"Eine Partei verteidigt ihre Position mit theologischen Argumenten."	"1"	"Christus allein als Haupt der Kirche — keine menschliche Oberhoheit"	"7"
"8"	"1"	"48"	"57"	"10"	"Disput über die Schlüsselgewalt und das Kirchenhaupt"	"Nach dem Abschluss des Streitgesprächs zwischen Martin Bucer und dem Beichtvater verteidigt Theobald Huter, Pfarrer zu Appenzell, die priesterliche Schlüsselgewalt zum Binden und Lösen nach Matthäus 16. Berchtold Haller hält dagegen, dass Christus allein das Haupt der Kirche sei und die Schlüsselgewalt allen Aposteln lediglich als Dienern zur Verkündigung der Sündenvergebung übertragen worden sei. Während der Pfarrer von Appenzell auf einer echten geistlichen Vollmacht beharrt, bekräftigt Haller, dass allein Gott Sünden vergebe und die Exkommunikation der ganzen Gemeinde zustehe."	"Niclaus Christen, Berchtold Haller, Martin Bucer (Reformierte und katholische Theologen) christus allein als haupt der kirche — keine menschliche oberhoheit: Disput über die Schlüsselgewalt und das Kirchenhaupt."	"Sänger von Zoffingen; Berner Prädikant; Reformator, Strassburg"	"Barfüsserkloster Bern — Verhandlungen im Langschiff"	"Eine Partei verteidigt ihre Position mit theologischen Argumenten."	"1"	"Christus allein als Haupt der Kirche — keine menschliche Oberhoheit"	"10"
"9"	"1"	"58"	"62"	"5"	"Debatte über den Bann und die kirchliche Vollmacht"	"Der Pfarrer von Appenzell und Berchtold Haller streiten über die Natur des kirchlichen Bannes und wem die Vollmacht zu dessen Verhängung zusteht. Haller betont, dass der Bann als göttlicher Befehl der einzelnen Ortsgemeinde gegen unbußfertige Sünder zukomme und bisher von der Kirchenhierarchie für weltliche Zwecke missbraucht worden sei. Ulrich Zwingli schaltet sich ein und legt dar, dass der Bann nach biblischer Ordnung erst nach stufenweiser Ermahnung allein durch die ganze Gemeinde verhängt werden darf."	"Niclaus Christen, Berchtold Haller, Ulrich Zwingli (Reformierte und katholische Theologen) christus allein als haupt der kirche — keine menschliche oberhoheit: Debatte über den Bann und die kirchliche Vollmacht."	"Sänger von Zoffingen; Berner Prädikant; Reformator, Zürich"	"Barfüsserkloster Bern — Verhandlungen im Langschiff"	"Ein Verhandlungsabschnitt von 5 Seiten."	"1"	"Christus allein als Haupt der Kirche — keine menschliche Oberhoheit"	"5"
"10"	"1"	"63"	"69"	"7"	"Debatte über Kirchenautorität mit Konrad Treiger"	"Nach dem Abschluss der Diskussion über den Bann gegen den Pfarrer von Appenzell ordnet die Berner Obrigkeit den Ablauf der Disputation neu. Der Augustinerprovinzial Konrad Treiger tritt daraufhin auf und verteidigt die Kirche als höchste richterliche Instanz in Glaubensfragen. Wolfgang Capito widerspricht Treigers Auffassung und bestimmt die Kirche als geistliche Gemeinschaft unter Christus, worauf Treiger erneut entgegnet."	"Konrad Treiger, Niclaus Christen, Wolfgang Capito (Reformierte und katholische Theologen) christus allein als haupt der kirche — keine menschliche oberhoheit: Debatte über Kirchenautorität mit Konrad Treiger."	"Augustinerprovinzial; Sänger von Zoffingen; Reformator, Strassburg"	"Barfüsserkloster Bern — Verhandlungen im Langschiff"	"Ein heftiger Widerspruch durchbricht die Verhandlung."	"1"	"Christus allein als Haupt der Kirche — keine menschliche Oberhoheit"	"7"
"11"	"1"	"70"	"76"	"7"	"Debatte über das Urteil der Kirche über die Schrift"	"Konrad Treiger argumentiert für die sichtbare Kirche als notwendige Richterin bei Glaubensspaltungen und bei der Beurteilung des biblischen Kanons. Wolfgang Capito entgegnet, dass die christliche Gemeinde zwar über Sünder richten dürfe, die vom Geist Gottes stammende Schrift jedoch nicht eigenmächtig verurteilen könne. Nachdem Treiger bekräftigt, dass einzelne Kirchen irren können und ein unfehlbares Urteil nötig sei, stellt Martin Bucer klar, dass kein Konzil Beschlüsse neben oder über der Schrift fassen dürfe."	"Konrad Treiger, Martin Bucer, Wolfgang Capito (Reformierte und katholische Theologen) christus allein als haupt der kirche — keine menschliche oberhoheit: Debatte über das Urteil der Kirche über die Schrift."	"Augustinerprovinzial; Reformator, Strassburg"	"Barfüsserkloster Bern — Verhandlungen im Langschiff"	"Eine Partei verteidigt ihre Position mit theologischen Argumenten."	"1"	"Christus allein als Haupt der Kirche — keine menschliche Oberhoheit"	"7"
"12"	"1"	"77"	"84"	"8"	"Bucer und Treiger über Schriftauslegung und Einheit"	"Martin Bucer argumentiert, dass jeder gläubige Christ die Heilige Schrift durch den Geist Gottes verstehen könne und die Gemeinde die eigentliche kirchliche Instanz bilde. Konrad Treiger entgegnet, die Schriftauslegung dürfe nicht dem Einzelnen überlassen werden, da dies zur Spaltung der Kirche führe. Zum Beleg für diese Zerrissenheit verweist Treiger auf die heftigen Lehrstreitigkeiten zwischen Luther, Zwingli und anderen reformatorischen Gruppen."	"Konrad Treiger, Niclaus Christen, Martin Bucer u.a. (Reformierte und katholische Theologen) christus allein als haupt der kirche — keine menschliche oberhoheit: Bucer und Treiger über Schriftauslegung und Einheit."	"Augustinerprovinzial; Sänger von Zoffingen; Reformator, Strassburg; Reformator, Zürich"	"Barfüsserkloster Bern — Verhandlungen im Langschiff"	"Schlagabtausch: Antwort und Gegenrede wechseln sich ab."	"1"	"Christus allein als Haupt der Kirche — keine menschliche Oberhoheit"	"8"
"13"	"1"	"85"	"88"	"4"	"Kircheneinheit, Konzilien und Schriftautorität"	"Ein altgläubiger Sprecher warnt die Berner vor Glaubensspaltungen, wie sie durch Luther und Zwingli drohten, und mahnt zum Festhalten an Konzilien sowie der allgemeinen Kirche. Am folgenden Verhandlungstag weist Martin Bucer diese Vorwürfe zurück und kritisiert, dass der gegnerische Provinzial seine Argumente ohne biblische Schriftbelege vorgebracht habe. Zugleich bekräftigt Bucer, dass jede Gemeinde die Schrift prüfen dürfe, sich die Kirche jedoch niemals über die Schrift stellen könne."	"Niclaus Christen, Martin Bucer, Wolfgang Capito (Reformierte und katholische Theologen) christus allein als haupt der kirche — keine menschliche oberhoheit: Kircheneinheit, Konzilien und Schriftautorität."	"Sänger von Zoffingen; Reformator, Strassburg"	"Barfüsserkloster Bern — Verhandlungen im Langschiff"	"Eine Partei verteidigt ihre Position mit theologischen Argumenten."	"1"	"Christus allein als Haupt der Kirche — keine menschliche Oberhoheit"	"4"
"14"	"1"	"89"	"94"	"6"	"Replik auf den Provinzial zu Glauben und Spaltung"	"Ein reformierter Redner weist die Vorwürfe des Provinzials zurück und bekräftigt, dass die Reformatoren keinen neuen Glauben predigen, sondern das ursprüngliche Evangelium Christi vertreten. Bezüglich der Differenzen mit Luther im Sakramentsverständnis plädiert er für gegenseitige Duldung und lehnt parteiische Benennungen nach Zwingli oder Ökolampad entschieden ab. Zugleich kritisiert er, gestützt auf eigene Erfahrungen im Predigerorden, päpstliche Sonderlehren und Ordensprivilegien als die eigentliche Ursache für Spaltungen in der Christenheit."	"Niclaus Christen, Ulrich Zwingli (Reformierte und katholische Theologen) christus allein als haupt der kirche — keine menschliche oberhoheit: Replik auf den Provinzial zu Glauben und Spaltung."	"Sänger von Zoffingen; Reformator, Zürich"	"Barfüsserkloster Bern — Verhandlungen im Langschiff"	"Ein Verhandlungsabschnitt von 6 Seiten."	"1"	"Christus allein als Haupt der Kirche — keine menschliche Oberhoheit"	"6"
"15"	"1"	"95"	"103"	"9"	"Zurückweisung des Provinzials und Zwinglis Replik"	"Ein Strassburger Prediger weist die Einreden des Provinzials zurück und betont, dass wahrer Glaube allein durch das Wort Gottes und den Heiligen Geist im Herzen jedes Einzelnen begründet wird und nicht durch Konzilien oder das Papsttum. Zudem legt er dar, dass nach biblischem Zeugnis jede einzelne christliche Versammlung zur Urteilsfindung ermächtigt ist und lehrmässige Differenzen zwischen reformierten Kirchen das Heil der Gläubigen nicht gefährden. Schliesslich ergreift Ulrich Zwingli das Wort, um die Zürcher Obrigkeit gegen den Vorwurf zu verteidigen, sie sei von ihm verführt worden."	"Niclaus Christen, Ulrich Zwingli (Reformierte und katholische Theologen) christus allein als haupt der kirche — keine menschliche oberhoheit: Zurückweisung des Provinzials und Zwinglis Replik."	"Sänger von Zoffingen; Reformator, Zürich"	"Barfüsserkloster Bern — Verhandlungen im Langschiff"	"Ein Verhandlungsabschnitt von 9 Seiten."	"1"	"Christus allein als Haupt der Kirche — keine menschliche Oberhoheit"	"9"
"16"	"1"	"104"	"107"	"4"	"Streit über die Redefreiheit des Provinzials"	"Als der Provinzial Konrad Treger den Konflikt mit den Strassburger Reformatoren Martin Bucer und Wolfgang Capito thematisieren will, verweisen die Präsidenten darauf, dass ausschliesslich über die bernischen Schlussreden verhandelt werden darf. Treger protestiert gegen die angebliche Redeeinschränkung und droht mit dem Abbruch der Disputation, woraufhin die Präsidenten Konrad Schmid und Niklaus Brieser betonen, dass ihm die schriftbasierte Argumentation weiterhin freistehe. Bucer und Capito weisen die Vorwürfe des Provinzials ebenfalls zurück und fordern ihn auf, ihre Thesen allein anhand der Heiligen Schrift zu widerlegen."	"Konrad Treiger, Niclaus Christen, Konrad Schmid u.a. (Reformierte und katholische Theologen) christus allein als haupt der kirche — keine menschliche oberhoheit: Streit über die Redefreiheit des Provinzials."	"Augustinerprovinzial; Sänger von Zoffingen; Berner Präsident; Reformator, Strassburg; Reformator, Zürich"	"Barfüsserkloster Bern — Verhandlungen im Langschiff"	"Ein heftiger Widerspruch durchbricht die Verhandlung."	"1"	"Christus allein als Haupt der Kirche — keine menschliche Oberhoheit"	"4"
"17"	"1"	"108"	"114"	"7"	"Streit über Kirchengewalt und Christus als einziges Haupt"	"Der Pfarrer von Appenzell verteidigt eine den Aposteln und Hirten verliehene Vollmacht und argumentiert, Amtsträger könnten analog zum Gleichnis vom Licht der Welt teilhaftig als Häupter der Kirche gelten. Berchtold Haller hält dagegen, dass kirchliche Ämter reiner Dienst und keine Herrschaft seien und die Schrift allein Christus als heilschaffendes Haupt der Kirche kenne. Ulrich Zwingli schaltet sich ein und veranschaulicht anhand des Sonnenlichts, dass jede Erleuchtung der Apostel allein von Christus als dem wahren Licht herrührt."	"Niclaus Christen, Berchtold Haller, Ulrich Zwingli (Reformierte und katholische Theologen) christus allein als haupt der kirche — keine menschliche oberhoheit: Streit über Kirchengewalt und Christus als einziges Haupt."	"Sänger von Zoffingen; Berner Prädikant; Reformator, Zürich"	"Barfüsserkloster Bern — Verhandlungen im Langschiff"	"Eine Partei verteidigt ihre Position mit theologischen Argumenten."	"1"	"Christus allein als Haupt der Kirche — keine menschliche Oberhoheit"	"7"
"18"	"1"	"115"	"118"	"4"	"Debatte über Christus als Haupt und Zoffinger Votum"	"Der Pfarrer von Appenzell anerkennt Christus zwar als Erlöser und Haupt, besteht jedoch weiterhin auf einer von Gott auf Erden verordneten geistlichen Gewalt. Zwingli interpretiert dieses Zugeständnis als Einlenken, worauf der Pfarrer am folgenden Tag feierlich protestiert und betont, er halte treu am überlieferten Kirchenglauben fest. Nach einer kurzen Replik Zwinglis ergreift Niclaus Christen, Sänger von Zoffingen, das Wort, um über seinen bisherigen Glauben Rechenschaft abzulegen."	"Niklaus Senger, Berchtold Haller, Ulrich Zwingli (Reformierte und katholische Theologen) christus allein als haupt der kirche — keine menschliche oberhoheit: Debatte über Christus als Haupt und Zoffinger Votum."	"Katholische Seite; Berner Prädikant; Reformator, Zürich"	"Barfüsserkloster Bern — Verhandlungen im Langschiff"	"Ein Verhandlungsabschnitt von 4 Seiten."	"1"	"Christus allein als Haupt der Kirche — keine menschliche Oberhoheit"	"4"
"19"	"1"	"119"	"126"	"8"	"Streit um die Schlüsselgewalt Petri"	"Meister Niklaus Senger argumentiert anhand biblischer Stellen dafür, dass Christus die Schlüsselgewalt und das Hirtenamt Petrus persönlich und besonders verliehen habe. Berchtold Haller und Ulrich Zwingli erwidern, Petrus habe stellvertretend für alle Apostel geantwortet und Christus habe allen Jüngern dieselbe Vollmacht übertragen. Schliesslich schaltet sich Meister Jakob Edlibach ein und erklärt, Hallers biblische Begründung habe ihn noch nicht überzeugt."	"Jakob Edlibach, Niklaus Senger, Berchtold Haller u.a. (Reformierte und katholische Theologen) christus allein als haupt der kirche — keine menschliche oberhoheit: Streit um die Schlüsselgewalt Petri."	"Katholische Seite; Berner Prädikant; Reformator, Zürich"	"Barfüsserkloster Bern — Verhandlungen im Langschiff"	"Ein heftiger Widerspruch durchbricht die Verhandlung."	"1"	"Christus allein als Haupt der Kirche — keine menschliche Oberhoheit"	"8"
"20"	"1"	"127"	"127"	"1"	"Debatte über die Schlüsselgewalt des Petrus"	"Die Gegenseite argumentiert, dass Christus Petrus durch den Auftrag, seine Schafe zu weiden, eine besondere Schlüsselgewalt übertragen habe, während den übrigen Aposteln die Vollmacht zur Sündenvergebung gemeinsam verliehen worden sei. Berchtold Haller entgegnet Meister Jacob, dass sich die Verheissung an alle Apostel richte, da auch die anderen denselben Glauben an Christus bekannten. Haller betont zudem, dass die Aufgabe eines Hirten und das Weiden der Schafe allen Predigern zustehe."	"Niclaus Christen, Berchtold Haller (Reformierte und katholische Theologen) christus allein als haupt der kirche — keine menschliche oberhoheit: Debatte über die Schlüsselgewalt des Petrus."	"Sänger von Zoffingen; Berner Prädikant"	"Barfüsserkloster Bern — Verhandlungen im Langschiff"	"Schlagabtausch: Antwort und Gegenrede wechseln sich ab."	"1"	"Christus allein als Haupt der Kirche — keine menschliche Oberhoheit"	"1"
"21"	"1"	"128"	"137"	"10"	"Debatte über Kirchenleitung und das Wort Gottes"	"Jacob Edlebach und Niclaus Senger verteidigen eine hierarchische Leitungsordnung der Kirche sowie die Geltung überlieferter apostolischer Gebräuche neben der Schrift. Berchtold Haller und Ökolampad halten dem entgegen, dass allein Christus das Haupt der Kirche sei und die Schrift keine geistlichen Herrscher kenne. Zudem erwidert Haller auf Sengers Nachfragen, dass das lebendig machende Wort Gottes im Herzen mit dem biblisch gepredigten Wort vollkommen übereinstimmt."	"Jakob Edlibach, Niclaus Christen, Niklaus Senger u.a. (Reformierte und katholische Theologen) christus allein als haupt der kirche — keine menschliche oberhoheit: Debatte über Kirchenleitung und das Wort Gottes."	"Katholische Seite; Sänger von Zoffingen; Berner Prädikant"	"Barfüsserkloster Bern — Verhandlungen im Langschiff"	"Ein heftiger Widerspruch durchbricht die Verhandlung."	"1"	"Christus allein als Haupt der Kirche — keine menschliche Oberhoheit"	"10"
"22"	"1"	"138"	"147"	"10"	"Debatte über Christus als Haupt und Sengers Rückzug"	"Zwingli und Berchtold Haller weisen Niclaus Sengers Versuche zurück, ungeschriebene Traditionen und menschliche Amtsträger als Häupter der Kirche neben Christus biblisch zu rechtfertigen. In der weiteren Auseinandersetzung über das Verhältnis Christi zur Kirche vor und nach seiner Menschwerdung beharrt Haller darauf, dass allein Christus das lebendig machende Haupt ist. Schliesslich zieht sich Senger von der Disputation zurück, da die Lehrmeinungen der Kirchenväter nicht als Argumente zugelassen sind, was Haller als Sieg der Schrift wahrnimmt."	"Niclaus Christen, Niklaus Senger, Berchtold Haller u.a. (Reformierte und katholische Theologen) christus allein als haupt der kirche — keine menschliche oberhoheit: Debatte über Christus als Haupt und Sengers Rückzug."	"Sänger von Zoffingen; Katholische Seite; Berner Prädikant; Reformator, Zürich"	"Barfüsserkloster Bern — Verhandlungen im Langschiff"	"Ein Verhandlungsabschnitt von 10 Seiten."	"1"	"Christus allein als Haupt der Kirche — keine menschliche Oberhoheit"	"10"
"23"	"1"	"148"	"155"	"8"	"Debatte über das Haupt der Kirche und geistliche Gewalt"	"Daniel Schatt und Ulrich Zwingli streiten darüber, inwiefern Christus nach beiden Naturen und innerhalb der Trinität als das einzige Haupt der Kirche bezeichnet werden kann. Gilg Durer verteidigt die Notwendigkeit einer geistlichen Obrigkeit und vergleicht das Verhältnis von Christus und Petrus mit Mose und Aaron, worauf Berchtold Haller erwidert, dass geistliche Gewalt reiner Dienst sei und Mose wie Aaron allein auf Christus hinwiesen. Schliesslich verteidigt Jacob Edlibach die Bezeichnung Christi als einverleibtes Haupt und bestimmt den Papst als ein vorgesetztes Haupt der Kirche."	"Daniel Schatt, Gilg Durer, Jakob Edlibach u.a. (Reformierte und katholische Theologen) christus allein als haupt der kirche — keine menschliche oberhoheit: Debatte über das Haupt der Kirche und geistliche Gewalt."	"Katholische Seite; Sänger von Zoffingen; Berner Prädikant; Reformator, Zürich"	"Barfüsserkloster Bern — Verhandlungen im Langschiff"	"Ein heftiger Widerspruch durchbricht die Verhandlung."	"1"	"Christus allein als Haupt der Kirche — keine menschliche Oberhoheit"	"8"
"24"	"1"	"156"	"159"	"4"	"Streit um Petri Vorrang und Beginn der 2. Schlussrede"	"Martin Bucer weist die Argumente von Meister Jacob zurück und betont, dass Petrus kein übergeordnetes Oberhaupt war und jede christliche Gemeinde eigenständig nach Gottes Wort urteilen darf. Zudem erklärt Bucer, dass die Berner Kirche allein der Heiligen Schrift verpflichtet sei und der Papst nicht den Geist der Apostel besitze. Daraufhin eröffnet Franz Kolb die zweite Schlussrede mit der These, dass die Kirche keine Gesetze ohne Grundlage in Gottes Wort erlassen dürfe."	"Berchtold Haller, Franz Kolb, Martin Bucer (Die reformierte Seite) christus allein als haupt der kirche — keine menschliche oberhoheit: Streit um Petri Vorrang und Beginn der 2. Schlussrede."	"Berner Prädikant; Reformator, Strassburg"	"Barfüsserkloster Bern — Verhandlungen im Langschiff"	"Ein Verhandlungsabschnitt von 4 Seiten."	"1"	"Christus allein als Haupt der Kirche — keine menschliche Oberhoheit"	"4"
"25"	"2"	"160"	"163"	"4"	"Schriftprinzip und mündliche Überlieferung"	"Zur Eröffnung des zweiten Artikels wird dargelegt, dass kirchliche Satzungen in Heilsfragen allein auf Gottes Wort beruhen dürfen und menschliche Gebote abzulehnen sind. Johannes Büchstab widerspricht dem und argumentiert anhand verschiedener Bibelstellen, dass Christus und die Apostel auch nicht schriftlich fixierte Lehren weitergegeben hätten. Martin Bucer entgegnet, dass alle mündlichen Worte Christi inhaltlich mit der Heiligen Schrift übereinstimmen, woraufhin Büchstab erneut auf mündliche apostolische Traditionen beharrt."	"Martin Bucer (Die reformierte Seite) ob und wieweit die kirche satzungen ohne schriftgrundlage erlassen darf: Schriftprinzip und mündliche Überlieferung."	"Reformator, Strassburg"	"Barfüsserkloster Bern — Verhandlungen im Langschiff"	"Ein heftiger Widerspruch durchbricht die Verhandlung."	"2"	"Ob und wieweit die Kirche Satzungen ohne Schriftgrundlage erlassen darf"	"4"
"26"	"2"	"164"	"170"	"7"	"Schriftprinzip, Marias Jungfräulichkeit und Kirchenbräuche"	"Johannes Buchstab fordert den Nachweis zentraler Glaubensartikel allein aus der Schrift, worauf Martin Bucer darlegt, dass diese Lehren sowie kirchliche Ordnungen wie die Sonntagsfeier aus der biblischen Botschaft hervorgehen. Ulrich Zwingli schaltet sich ein, um die ewige Jungfräulichkeit Marias anhand alttestamentlicher Prophetien und des Evangeliums gegen altgläubige Vorwürfe zu verteidigen. Während Buchstab kirchliche Bräuche wie Fasttage und Prozessionen auf paulinische Ermahnungen stützen will, verwirft Bucer derartige Satzungen als schriftwidrige Gewissenszwänge."	"Johannes Buchstab, Niclaus Christen, Berchtold Haller u.a. (Reformierte und katholische Theologen) ob und wieweit die kirche satzungen ohne schriftgrundlage erlassen darf: Schriftprinzip, Marias Jungfräulichkeit und Kirchenbräuche."	"Katholische Seite; Sänger von Zoffingen; Berner Prädikant; Reformator, Strassburg; Reformator, Zürich"	"Barfüsserkloster Bern — Verhandlungen im Langschiff"	"Eine Partei verteidigt ihre Position mit theologischen Argumenten."	"2"	"Ob und wieweit die Kirche Satzungen ohne Schriftgrundlage erlassen darf"	"7"
"27"	"2"	"171"	"177"	"7"	"Streit um kirchliche Satzungen und Gewissensfreiheit"	"Johannes Buchstab und Theobald Huter verteidigen die Befugnis der Kirche, verbindliche Satzungen, Feiertage und Riten aufzustellen. Martin Bucer erwidert, dass apostolische Ordnungen allein der christlichen Liebe dienten und das Gewissen der Gläubigen nicht binden dürften. Ulrich Zwingli stellt klar, dass einzelne Kirchgemeinden bei Notfällen zwar freiwillig Gebete oder Fastentage beschliessen können, dies aber keine allgemeinen Gesetze begründe."	"Niclaus Christen, Martin Bucer, Ulrich Zwingli (Reformierte und katholische Theologen) ob und wieweit die kirche satzungen ohne schriftgrundlage erlassen darf: Streit um kirchliche Satzungen und Gewissensfreiheit."	"Sänger von Zoffingen; Reformator, Strassburg; Reformator, Zürich"	"Barfüsserkloster Bern — Verhandlungen im Langschiff"	"Ein heftiger Widerspruch durchbricht die Verhandlung."	"2"	"Ob und wieweit die Kirche Satzungen ohne Schriftgrundlage erlassen darf"	"7"
"28"	"2"	"178"	"184"	"7"	"Ratsordnung und Disputation über Kirchengebote"	"Nach einer Ratsordnung zur Organisation der Disputation und einer Ermahnung durch Niklaus Manuel diskutieren die Parteien die zweite Schlussrede über die Geltung kirchlicher Satzungen. Der Beichtvater Allerius Grad argumentiert unter Berufung auf das Johannesevangelium, dass der Heilige Geist die Kirche leite und ihre Gebote daher wie Gottes Wort anzunehmen seien. Berchtold Haller erwidert, der Heilige Geist lehre nichts über die Schrift Hinausgehendes, weshalb allein das in Gottes Wort Gegründete für die Gläubigen verbindlich sei."	"Niclaus Christen, Berchtold Haller, Niklaus Manuel (Reformierte und katholische Theologen) ob und wieweit die kirche satzungen ohne schriftgrundlage erlassen darf: Ratsordnung und Disputation über Kirchengebote."	"Sänger von Zoffingen; Berner Prädikant; Berner Rat, Künstler"	"Barfüsserkloster Bern — Verhandlungen im Langschiff"	"Ein heftiger Widerspruch durchbricht die Verhandlung."	"2"	"Ob und wieweit die Kirche Satzungen ohne Schriftgrundlage erlassen darf"	"7"
"29"	"2"	"185"	"189"	"5"	"Streit um kirchliche Satzungen und Schriftbegründung"	"Berchtold Haller und Martin Bucer fordern vom Beichtvater den Schriftbeweis für kirchliche Satzungen und betonen, dass die Gemeinschaft der Gläubigen keine gewissensbindenden Gebote ausserhalb des Wortes Gottes erlassen dürfe. Der Beichtvater hält dem entgegen, dass die vom Heiligen Geist geleitete Kirche nicht irren könne und darum befugt sei, Ordnungsregeln wie Fasten- und Speisegebote aufzustellen. Während Bucer solche Verbote unter Berufung auf den Timotheusbrief als teuflisch verwirft, beharrt der Beichtvater auf der unfehlbaren Autorität der wahren Kirche."	"Niclaus Christen, Berchtold Haller, Martin Bucer (Reformierte und katholische Theologen) ob und wieweit die kirche satzungen ohne schriftgrundlage erlassen darf: Streit um kirchliche Satzungen und Schriftbegründung."	"Sänger von Zoffingen; Berner Prädikant; Reformator, Strassburg"	"Barfüsserkloster Bern — Verhandlungen im Langschiff"	"Eine Forderung spaltet die Verhandelnden."	"2"	"Ob und wieweit die Kirche Satzungen ohne Schriftgrundlage erlassen darf"	"5"
"30"	"2"	"190"	"199"	"10"	"Streit um kirchliche Speise- und Ehegebote"	"Martin Bucer wirft der katholischen Kirche vor, mit ihren Speise- und Eheverboten nach 1 Tim 4 teuflische Lehren zu vertreten und das Gewissen unzulässig zu binden. Der Beichtvater und Johannes Buchstab verteidigen die kirchlichen Fastengebote mit biblischen Vorbildern und argumentieren, Paulus habe antike Häresien gemeint, während die Kirche solche Übungen nur zur Zucht und Ordnung anordne. Während Bucer weiterhin jede Einschränkung der christlichen Freiheit als schriftwidrig ablehnt, beharrt der Beichtvater auf der kirchlichen Tradition und stellt seine Aussagen unter das Urteil einer ordentlichen Kirchenversammlung."	"Niclaus Christen, Martin Bucer (Reformierte und katholische Theologen) ob und wieweit die kirche satzungen ohne schriftgrundlage erlassen darf: Streit um kirchliche Speise- und Ehegebote."	"Sänger von Zoffingen; Reformator, Strassburg"	"Barfüsserkloster Bern — Verhandlungen im Langschiff"	"Ein Verhandlungsabschnitt von 10 Seiten."	"2"	"Ob und wieweit die Kirche Satzungen ohne Schriftgrundlage erlassen darf"	"10"
"31"	"3"	"200"	"208"	"9"	"Debatte über die dritte Schlussrede und den Werkdienst"	"Berchtoldus Haller leitet die dritte Schlussrede ein und begründet anhand der Schrift, dass allein Christus die Erlösung vollbracht hat und menschliche Werke keinen Heilsverdienst begründen. Buchstab widerspricht dem und führt biblische Beispiele an, um darzulegen, dass gute Werke nach dem Empfang der Taufe verdienstlich und zur Versöhnung mit Gott nötig seien. Martin Bucer entgegnet ihm, dass der Mensch allein durch den Glauben aus Gnade gerechtfertigt wird und Gott in den Gläubigen lediglich sein eigenes Wirken belohnt."	"Niclaus Christen, Berchtold Haller, Martin Bucer (Reformierte und katholische Theologen) ob der mensch allein durch glauben oder auch durch werke gerechtfertigt wird: Debatte über die dritte Schlussrede und den Werkdienst."	"Sänger von Zoffingen; Berner Prädikant; Reformator, Strassburg"	"Barfüsserkloster Bern — Verhandlungen im Langschiff"	"Ein heftiger Widerspruch durchbricht die Verhandlung."	"3"	"Ob der Mensch allein durch Glauben oder auch durch Werke gerechtfertigt wird"	"9"
"32"	"3"	"209"	"213"	"5"	"Debatte über Genugtuung und Erbsünde"	"Martin Bucer und Schulmeister Buchstab streiten darüber, ob der Glaube ein Werk sei und ob eigene Werke zur Genugtuung Christi beitragen können. Daraufhin fordern drei Bürger aus Appenzell von ihrem Pfarrer Theobald Huter einen Schriftbeleg für dessen Behauptung, Christus habe nur für die Erbsünde gelitten. Huter verteidigt seine Predigt und betont, dass die Gläubigen trotz Christi Erlösungstat den Geboten gehorchen und Gutes tun müssen."	"Johannes Buchstab, Berchtold Haller, Martin Bucer (Reformierte und katholische Theologen) ob der mensch allein durch glauben oder auch durch werke gerechtfertigt wird: Debatte über Genugtuung und Erbsünde."	"Katholische Seite; Berner Prädikant; Reformator, Strassburg"	"Barfüsserkloster Bern — Verhandlungen im Langschiff"	"Eine Partei verteidigt ihre Position mit theologischen Argumenten."	"3"	"Ob der Mensch allein durch Glauben oder auch durch Werke gerechtfertigt wird"	"5"
"33"	"3"	"214"	"221"	"8"	"Abschluss der dritten und Beginn der vierten Schlussrede"	"In der Debatte um die dritte These streiten Herr Poley, Theobald Hütter und Pfarrer Josephus Forrer über die Verdienstlichkeit guter Werke. Berchtold Haller beendet die Diskussion mit dem Verweis darauf, dass die Rechtfertigung allein aus Gottes Gnade durch Christus erfolge und äußerliche Werke keinen Heilsverdienst bewirken. Anschließend eröffnet Franz Kolb die vierte Schlussrede und bestreitet unter Berufung auf das Johannesevangelium die leibliche Gegenwart Christi im Abendmahl."	"Berchtold Haller, Franz Kolb, Martin Bucer (Die reformierte Seite) ob der mensch allein durch glauben oder auch durch werke gerechtfertigt wird: Abschluss der dritten und Beginn der vierten Schlussrede."	"Berner Prädikant; Reformator, Strassburg"	"Barfüsserkloster Bern — Verhandlungen im Langschiff"	"Ein Verhandlungsabschnitt von 8 Seiten."	"3"	"Ob der Mensch allein durch Glauben oder auch durch Werke gerechtfertigt wird"	"8"
"34"	"4"	"222"	"223"	"2"	"Disputation über die vierte Schlussthese zum Abendmahl"	"Ein altgläubiger Redner wendet sich gegen die vierte Schlussthese und begründet die leibliche Gegenwart Christi im Abendmahl mit den Einsetzungsworten, Johannes 6 sowie Gottes Allmacht. Ulrich Zwingli entgegnet darauf, dass die Bibelstelle in Johannes 6 keineswegs das leibliche Essen des Fleisches Christi lehre. Vielmehr verweise Christus mit dem Brot auf den Glaubenstrost und das Leben, das der Menschheit durch seinen Opfertod am Kreuz zuteilwerde."	"Ulrich Zwingli (Die reformierte Seite) ob bilder und reliquien in der kirche zulässig sind: Disputation über die vierte Schlussthese zum Abendmahl."	"Reformator, Zürich"	"Barfüsserkloster Bern — Verhandlungen im Langschiff"	"Eine Partei verteidigt ihre Position mit theologischen Argumenten."	"4"	"Ob Bilder und Reliquien in der Kirche zulässig sind"	"2"
"35"	"4"	"224"	"232"	"9"	"Debatte über Johannes 6 und das Abendmahl"	"Der Pfarrer von St. Gallen argumentiert anhand von Johannes 6, dass Christus mit dem Brot sein leibliches Fleisch verheissen und dieses im Abendmahl als Speise eingesetzt habe. Zwingli widerspricht dieser Auslegung und betont, dass die Rede vom Brot des Lebens rein geistlich als Glaube und Vertrauen auf den Opfertod Christi verstanden werden müsse. Ein leiblicher Verzehr des Fleisches schenke kein ewiges Leben, da das Heil allein auf der Gnade Gottes und dem Glauben an Christus beruhe."	"Ulrich Zwingli (Die reformierte Seite) ob bilder und reliquien in der kirche zulässig sind: Debatte über Johannes 6 und das Abendmahl."	"Reformator, Zürich"	"Barfüsserkloster Bern — Verhandlungen im Langschiff"	"Ein heftiger Widerspruch durchbricht die Verhandlung."	"4"	"Ob Bilder und Reliquien in der Kirche zulässig sind"	"9"
"36"	"4"	"233"	"242"	"10"	"Debatte um Johannes 6: Sakrament oder geistliches Essen"	"Der Pfarrer von St. Gallen und Zwingli streiten darüber, ob das sechste Kapitel des Johannesevangeliums das leibliche Essen im Abendmahl ankündigt oder allein den Glauben an Christi Opfertod meint. Nachdem der Pfarrer von St. Gallen einlenkt, verteidigt Johannes Büchstab unter Berufung auf die Kirchenväter ein dreifaches Verständnis des Brotes und bezieht die Stelle auf die Eucharistie. Ökolampad weist diesen Rekurs auf kirchliche Autoritäten zurück und bekräftigt, dass Christus gemäss der Schrift allein geistlich durch den Glauben an seine Hingabe empfangen werde."	"Niclaus Christen, Ulrich Zwingli (Reformierte und katholische Theologen) ob bilder und reliquien in der kirche zulässig sind: Debatte um Johannes 6: Sakrament oder geistliches Essen."	"Sänger von Zoffingen; Reformator, Zürich"	"Barfüsserkloster Bern — Verhandlungen im Langschiff"	"Eine Partei verteidigt ihre Position mit theologischen Argumenten."	"4"	"Ob Bilder und Reliquien in der Kirche zulässig sind"	"10"
"37"	"4"	"243"	"245"	"3"	"Streit um Schriftbelege zur vierten Schlussrede"	"Nach kurzen Erwiderungen von Buchstab und Ökolampad bestreitet der Pfarrer von Appenzell Zwinglis Übersetzung zu Johannes 6 und bekennt die leibliche Gegenwart Christi im Sakrament, worauf Zwingli auf den griechischen Urtext verweist. Zur Behandlung der vierten Schlussrede verteidigt der Pfarrer von St. Gallen die Auffassung, dass Christi Leib und Blut leiblich und wesentlich im Abendmahl empfangen werden. Zur biblischen Begründung dieser Position führt er die Einsetzungsworte aus dem Matthäusevangelium sowie aus dem ersten Korintherbrief an."	"Niclaus Christen, Ulrich Zwingli (Reformierte und katholische Theologen) ob bilder und reliquien in der kirche zulässig sind: Streit um Schriftbelege zur vierten Schlussrede."	"Sänger von Zoffingen; Reformator, Zürich"	"Barfüsserkloster Bern — Verhandlungen im Langschiff"	"Ein heftiger Widerspruch durchbricht die Verhandlung."	"4"	"Ob Bilder und Reliquien in der Kirche zulässig sind"	"3"
"38"	"4"	"246"	"253"	"8"	"Disputation über das Wort «ist» im Abendmahl"	"Ökolampad argumentiert, dass die Einsetzungsworte des Abendmahls als figürliche Sakramentensprache verstanden werden müssen, da ein wörtliches Verständnis der Glaubensanalogie und Christi Himmelfahrt widerspreche. Der Pfarrer von St. Gallen beharrt demgegenüber auf den klaren Worten bei Matthäus und fordert eindeutige Schriftbelege für eine uneigentliche Auslegung. Schliesslich präzisiert der Pfarrer, dass das Brot nicht in die göttliche Natur verwandelt, sondern der Leib Christi durch göttliche Kraft im Brot ausgeteilt werde."	"Niclaus Christen (Die katholische Seite) ob bilder und reliquien in der kirche zulässig sind: Disputation über das Wort «ist» im Abendmahl."	"Sänger von Zoffingen"	"Barfüsserkloster Bern — Verhandlungen im Langschiff"	"Ein heftiger Widerspruch durchbricht die Verhandlung."	"4"	"Ob Bilder und Reliquien in der Kirche zulässig sind"	"8"
"39"	"4"	"254"	"254"	"1"	"Pfarrer von St. Gallen antwortet Ökolampad"	"Der Pfarrer von St. Gallen nimmt Bezug auf eine vorangegangene Frage Ökolampads und stützt seine Argumentation zum Abendmahl auf 1. Korinther 10. Er erklärt, dass durch das Brot der Leib Christi vermittelt werde, und vergleicht diesen Vorgang mit der Sendung des Heiligen Geistes in Johannes 20 sowie dem Feuer im Eisen. Dabei betont er anhand verschiedener Vergleiche, dass das äußere Zeichen und das göttliche Wirken zugleich bestehen bleiben können."	"Die Verhandlungsführer ob bilder und reliquien in der kirche zulässig sind: Pfarrer von St. Gallen antwortet Ökolampad."	"—"	"Barfüsserkloster Bern — Verhandlungen im Langschiff"	"Ein Verhandlungsabschnitt von 1 Seite."	"4"	"Ob Bilder und Reliquien in der Kirche zulässig sind"	"1"
"40"	"4"	"255"	"256"	"2"	"Ökolampads Replik auf die Auslegung der Einsetzungsworte"	"Die altgläubige Partei beharrt zur vierten Schlussrede auf dem wörtlichen Sinn der Einsetzungsworte und verwirft ein rein figürliches Verständnis des Abendmahls. Ökolampad weist die sprachlichen Analogien von Herrn Benedict zurück und fordert stattdessen einen durch die Heilige Schrift begründeten natürlichen Schriftsinn ein. Zudem korrigiert er dessen Schriftzitate aus dem Korinther- und Johannesevangelium und betont, dass der Leib Christi allein geistlich im Glauben empfangen werde."	"Die Verhandlungsführer ob bilder und reliquien in der kirche zulässig sind: Ökolampads Replik auf die Auslegung der Einsetzungsworte."	"—"	"Barfüsserkloster Bern — Verhandlungen im Langschiff"	"Ein Verhandlungsabschnitt von 2 Seiten."	"4"	"Ob Bilder und Reliquien in der Kirche zulässig sind"	"2"
"41"	"4"	"257"	"265"	"9"	"Debatte über Abendmahlsworte und rhetorische Figuren"	"Der Pfarrer von St. Gallen und Andreas Althamer verteidigen das Abendmahl als reale Austeilung von Leib und Blut Christi unter Berufung auf den ersten Korintherbrief. Ökolampad wirft dem St. Galler Pfarrer vor, seine Haltung bezüglich rhetorischer Tropen geändert zu haben, und bestreitet dessen Deutung von Johannes 20. Zwingli fordert stichhaltige Schriftbeweise für eine leibliche Gegenwart Christi im Brot, worauf der Pfarrer von St. Gallen auf den Einsetzungsworten und dem Protokoll beharrt."	"Ulrich Zwingli (Die reformierte Seite) ob bilder und reliquien in der kirche zulässig sind: Debatte über Abendmahlsworte und rhetorische Figuren."	"Reformator, Zürich"	"Barfüsserkloster Bern — Verhandlungen im Langschiff"	"Ein Verhandlungsabschnitt von 9 Seiten."	"4"	"Ob Bilder und Reliquien in der Kirche zulässig sind"	"9"
"42"	"4"	"266"	"268"	"3"	"Debatte über den Begriff Koinonia beim Abendmahl"	"Ein altgläubiger Sprecher fordert zunächst, die Einsetzungsworte des Abendmahls ohne scholastische Spitzfindigkeiten einfach zu verstehen. Ökolampad argumentiert anschliessend anhand des griechischen Begriffs Koinonia, dass dieser primär Gemeinschaft und Teilhabe am Leib Christi bedeute und nicht eine blosse Austeilung. Althamer hält dagegen, dass Koinonia an mehreren neutestamentlichen Stellen sehr wohl im Sinne einer Austeilung gebraucht werde."	"Niclaus Christen (Die katholische Seite) ob bilder und reliquien in der kirche zulässig sind: Debatte über den Begriff Koinonia beim Abendmahl."	"Sänger von Zoffingen"	"Barfüsserkloster Bern — Verhandlungen im Langschiff"	"Ein Verhandlungsabschnitt von 3 Seiten."	"4"	"Ob Bilder und Reliquien in der Kirche zulässig sind"	"3"
"43"	"4"	"269"	"277"	"9"	"Debatte über 1 Kor 10 und das leibliche Essen"	"Ökolampad legt dar, dass der Begriff koinonia in 1 Kor 10 Gemeinschaft und nicht Austeilung bedeutet, und bestreitet damit eine leibliche Gegenwart Christi im Abendmahl. Im anschliessenden Wortwechsel fordert Zwingli den Pfarrer von St. Gallen vergeblich zu Schriftbelegen für ein leibliches Essen auf, worauf dieser an den Einsetzungsworten festhält, die genaue Seinsweise aber nicht weiter definieren will. Daraufhin vertieft Zwingli die Auslegung von 1 Kor 10 und argumentiert, dass Paulus das gemeinsame Mahl als Ausdruck der Verbundenheit der Gemeinde und nicht als physische Einverleibung Christi versteht."	"Niclaus Christen, Ulrich Zwingli (Reformierte und katholische Theologen) ob bilder und reliquien in der kirche zulässig sind: Debatte über 1 Kor 10 und das leibliche Essen."	"Sänger von Zoffingen; Reformator, Zürich"	"Barfüsserkloster Bern — Verhandlungen im Langschiff"	"Ein Verhandlungsabschnitt von 9 Seiten."	"4"	"Ob Bilder und Reliquien in der Kirche zulässig sind"	"9"
"44"	"4"	"278"	"284"	"7"	"Debatte über Passalamm-Typologie und geistliches Essen"	"Nach einer kurzen Kontroverse zwischen Andreas Alchamer und Zwingli über 1. Korinther 10 begründet der Pfarrer von St. Gallen die leibliche Gegenwart Christi im Abendmahl mit der alttestamentlichen Passalamm-Typologie. Ökolampad entgegnet, dass die alttestamentliche Figur im Glauben an das Kreuzesopfer erfüllt werde und eine unsichtbare leibliche Präsenz keine Erinnerung bewirken könne. Zwingli schliesst daran an und legt anhand des Hebräerbriefs und des Johannesevangeliums dar, dass das Essen Christi als geistliches Vertrauen zu verstehen sei."	"Niclaus Christen, Ulrich Zwingli (Reformierte und katholische Theologen) ob bilder und reliquien in der kirche zulässig sind: Debatte über Passalamm-Typologie und geistliches Essen."	"Sänger von Zoffingen; Reformator, Zürich"	"Barfüsserkloster Bern — Verhandlungen im Langschiff"	"Schlagabtausch: Antwort und Gegenrede wechseln sich ab."	"4"	"Ob Bilder und Reliquien in der Kirche zulässig sind"	"7"
"45"	"4"	"285"	"289"	"5"	"Streit über das leibliche Essen und die Kraft der Worte"	"Der Pfarrer von St. Gallen verteidigt die Auffassung, dass Leib und Wort Christi im Abendmahl zugleich leiblich mit dem Mund und geistlich im Herzen empfangen werden und der Seele Trost spenden. Zwingli weist dies zurück und betont unter Berufung auf die Schrift, dass allein der göttliche Geist lebendig mache und ein leibliches Essen des Leibes Christi unmöglich sei. Ökolampad schaltet sich ein und legt dar, dass äußere Worte keine eigene Wirkmacht wie bei einer Zauberei besitzen, sondern lediglich auf das Innerliche hinweisen und erinnern."	"Niclaus Christen, Ulrich Zwingli (Reformierte und katholische Theologen) ob bilder und reliquien in der kirche zulässig sind: Streit über das leibliche Essen und die Kraft der Worte."	"Sänger von Zoffingen; Reformator, Zürich"	"Barfüsserkloster Bern — Verhandlungen im Langschiff"	"Eine Partei verteidigt ihre Position mit theologischen Argumenten."	"4"	"Ob Bilder und Reliquien in der Kirche zulässig sind"	"5"
"46"	"4"	"290"	"294"	"5"	"Debatte über die Wirksamkeit des äusseren Wortes"	"Der Pfarrer von St. Gallen verteidigt die Auffassung, dass Gott durch sein äusseres Wort als wirksames Werkzeug handle, sofern der Geist damit verbunden sei und der Mensch glaube. Zwingli widerspricht dem und betont anhand biblischer Beispiele, dass das äussere Wort aus sich heraus nichts bewirke, sondern lediglich den göttlichen Willen bezeuge. Beide Disputanten stützen ihre Positionen auf verschiedene Schriftstellen und verweisen für die abschliessende Beurteilung auf die Akten der Disputation."	"Niclaus Christen, Ulrich Zwingli (Reformierte und katholische Theologen) ob bilder und reliquien in der kirche zulässig sind: Debatte über die Wirksamkeit des äusseren Wortes."	"Sänger von Zoffingen; Reformator, Zürich"	"Barfüsserkloster Bern — Verhandlungen im Langschiff"	"Ein heftiger Widerspruch durchbricht die Verhandlung."	"4"	"Ob Bilder und Reliquien in der Kirche zulässig sind"	"5"
"47"	"4"	"295"	"304"	"10"	"Debatte über das äussere Wort und das Abendmahlsblut"	"Zwingli und der Pfarrer von St. Gallen debattieren über das Verhältnis von äusserem Wort, Glauben und göttlicher Wundermacht. Anschliessend begründet der Pfarrer von St. Gallen mit dem alttestamentlichen Bundesblut die reale Gegenwart des Blutes Christi im Abendmahlskelch. Ökolampad widerspricht dieser Auslegung und erklärt, Christus habe Wein zum dankbaren Gedächtnis an sein Kreuzesopfer ausgeteilt."	"Niclaus Christen, Ulrich Zwingli (Reformierte und katholische Theologen) ob bilder und reliquien in der kirche zulässig sind: Debatte über das äussere Wort und das Abendmahlsblut."	"Sänger von Zoffingen; Reformator, Zürich"	"Barfüsserkloster Bern — Verhandlungen im Langschiff"	"Ein heftiger Widerspruch durchbricht die Verhandlung."	"4"	"Ob Bilder und Reliquien in der Kirche zulässig sind"	"10"
"48"	"4"	"305"	"305"	"1"	"Das Blut Christi am Kreuz und die Natur des Abendmahls"	"Der Sprecher betont, dass die Vergebung der Sünden und der Trost des Gewissens allein auf dem am Kreuz vergossenen Blut Christi gründen und nicht auf einer leiblichen Gegenwart im Abendmahl. Unter Verweis auf mehrere Schriftstellen wird verdeutlicht, dass die Erlösung ausschliesslich durch den Opfertod Christi am Kreuz gewirkt worden ist. Folglich ist der Kelch des Abendmahls als ein Zeichen und eine dankbare Verkündigung dieses im Leiden Christi vollendeten Bundes zu verstehen."	"Die Verhandlungsführer ob bilder und reliquien in der kirche zulässig sind: Das Blut Christi am Kreuz und die Natur des Abendmahls."	"—"	"Barfüsserkloster Bern — Verhandlungen im Langschiff"	"Ein Verhandlungsabschnitt von 1 Seite."	"4"	"Ob Bilder und Reliquien in der Kirche zulässig sind"	"1"
"49"	"4"	"306"	"315"	"10"	"Debatte über die Kelchworte und das Neue Testament"	"Der Pfarrer von St. Gallen verteidigt das wörtliche Verständnis der Einsetzungsworte und betont, dass Christus den Jüngern sein wahres Blut gereicht habe. Ökolampad und Zwingli halten dem entgegen, dass der Trank nicht wesensmässig das Neue Testament, also die Vergebung der Sünden, sein könne, sondern figürlich als dessen Zeichen verstanden werden müsse. Während Zwingli diese Deutung zusätzlich durch den Vergleich mit dem alttestamentlichen Passalamm untermauert, beharrt der Pfarrer von St. Gallen auf seiner Position."	"Ulrich Zwingli (Die reformierte Seite) ob bilder und reliquien in der kirche zulässig sind: Debatte über die Kelchworte und das Neue Testament."	"Reformator, Zürich"	"Barfüsserkloster Bern — Verhandlungen im Langschiff"	"Eine Partei verteidigt ihre Position mit theologischen Argumenten."	"4"	"Ob Bilder und Reliquien in der Kirche zulässig sind"	"10"
"50"	"4"	"316"	"317"	"2"	"Debatte über 1 Kor 11 zur vierten Schlussrede"	"Zur vierten Schlussrede führt der Pfarrer von St. Gallen die Worte des Paulus aus 1 Korinther 11 an und argumentiert, dass das unwürdige Essen von Leib und Blut Christi eine reale Gegenwart voraussetze. Zwingli erwidert darauf, dass Paulus ausdrücklich von Brot und Trank spreche und nicht von einem leiblichen Verzehr des Fleisches Christi. Das würdige oder unwürdige Essen beziehe sich vielmehr auf das Hinzutreten im rechten Glauben an die Erlösungstat Christi."	"Ulrich Zwingli (Die reformierte Seite) ob bilder und reliquien in der kirche zulässig sind: Debatte über 1 Kor 11 zur vierten Schlussrede."	"Reformator, Zürich"	"Barfüsserkloster Bern — Verhandlungen im Langschiff"	"Ein heftiger Widerspruch durchbricht die Verhandlung."	"4"	"Ob Bilder und Reliquien in der Kirche zulässig sind"	"2"
"51"	"4"	"318"	"318"	"1"	"Auslegung des unwürdigen Essens beim Nachtmahl"	"Anhand des Beispiels einer Schändung des Berner Hoheitszeichens wird verdeutlicht, wie das Vergehen an einem Zeichen die dargestellte Instanz selbst trifft. Daran anknüpfend wird die paulinische Warnung vor dem unwürdigen Essen so ausgelegt, dass ein Mangel an rechtem Glauben den am Leib erlittenen Tod Christi missachtet und das Nachtmahl zu einer gewöhnlichen Speise herabsetzt. Zudem verweise die Stelle im Kontext der Korinther darauf, dass die gleichzeitige Teilnahme an heidnischen Götzenmählern die Kirche als Leib Christi verunehre."	"Die Verhandlungsführer ob bilder und reliquien in der kirche zulässig sind: Auslegung des unwürdigen Essens beim Nachtmahl."	"—"	"Barfüsserkloster Bern — Verhandlungen im Langschiff"	"Ein Verhandlungsabschnitt von 1 Seite."	"4"	"Ob Bilder und Reliquien in der Kirche zulässig sind"	"1"
"52"	"4"	"319"	"326"	"8"	"Debatte über das Abendmahl und Johannes 6"	"Der Pfarrer von St. Gallen argumentiert anhand biblischer Sprachgewohnheiten, dass die Bezeichnung als Brot die leibliche Gegenwart Christi im Abendmahl nicht ausschliesse. Zwingli legt ausführlich dar, dass nach Johannes 6 allein der Geist lebendig mache, Christi wahrer Leib im Himmel sei und die Einsetzungsworte als figuratives Gedächtniszeichen verstanden werden müssten. Daraufhin erwidert der Pfarrer von St. Gallen, dass die Stelle nicht gegen den leiblichen Genuss spreche, sondern sich lediglich gegen ein rein fleischliches, ungläubiges Urteil richte."	"Niclaus Christen (Die katholische Seite) ob bilder und reliquien in der kirche zulässig sind: Debatte über das Abendmahl und Johannes 6."	"Sänger von Zoffingen"	"Barfüsserkloster Bern — Verhandlungen im Langschiff"	"Ein heftiger Widerspruch durchbricht die Verhandlung."	"4"	"Ob Bilder und Reliquien in der Kirche zulässig sind"	"8"
"53"	"4"	"327"	"329"	"3"	"Ökolampad und der Pfarrer von St. Gallen über Joh 6"	"Ökolampad erwidert auf einen Einwand von Herr Benedikt und legt anhand von Johannes 6 sowie des griechischen Bibeltextes dar, dass der Geist lebendig mache, während ein leibliches Essen des Fleisches Christi von Gott nicht verordnet und daher unnütz sei. Daraufhin übergeben sowohl der Pfarrer von St. Gallen als auch Ökolampad ihre jeweiligen Argumente dem Urteil der Leser und den Akten. Anschliessend wendet sich der Pfarrer von St. Gallen den Glaubensartikeln zu und betont, dass Christus bei der Einsetzung des Abendmahls vor seiner Himmelfahrt leiblich auf Erden anwesend gewesen sei."	"Die Verhandlungsführer ob bilder und reliquien in der kirche zulässig sind: Ökolampad und der Pfarrer von St. Gallen über Joh 6."	"—"	"Barfüsserkloster Bern — Verhandlungen im Langschiff"	"Ein heftiger Widerspruch durchbricht die Verhandlung."	"4"	"Ob Bilder und Reliquien in der Kirche zulässig sind"	"3"
"54"	"4"	"330"	"330"	"1"	"Bucer zur leiblichen Gegenwart Christi im Abendmahl"	"Ein altgläubiger Disputant argumentiert mit Verweis auf Zwingli und biblische Wunderberichte für die übernatürliche Allmacht Christi, seinen Leib mitzuteilen. Martin Bucer hält dem unter Berufung auf die Glaubensartikel und den Apostel Paulus entgegen, dass der Leib Christi nicht leiblich im Brot gegessen werden könne. Zur Begründung legt Bucer dar, dass der Begriff des Himmels als das geistliche und herrliche Wesen der Gottheit verstanden werden müsse."	"Martin Bucer (Die reformierte Seite) ob bilder und reliquien in der kirche zulässig sind: Bucer zur leiblichen Gegenwart Christi im Abendmahl."	"Reformator, Strassburg"	"Barfüsserkloster Bern — Verhandlungen im Langschiff"	"Eine Partei verteidigt ihre Position mit theologischen Argumenten."	"4"	"Ob Bilder und Reliquien in der Kirche zulässig sind"	"1"
"55"	"4"	"331"	"331"	"1"	"Argument gegen die leibliche Gegenwart im Abendmahl"	"Aus der Himmelfahrt Christi wird gefolgert, dass Christus seiner Menschheit nach nicht mehr leiblich auf Erden weilt, sondern bis zum Jüngsten Gericht zur Rechten Gottes bleibt. Folglich könne er auch im Sakrament des Abendmahls nicht leiblich im Brot gegenwärtig sein oder gegessen werden, sondern wirke allein durch seinen Geist. Auch beim Einsetzungsmahl habe Christus leibhaftig am Tisch gesessen und nicht zwei verschiedene Körper besessen, da seine menschliche Natur unvermischt mit der Gottheit bleibe."	"Die Verhandlungsführer ob bilder und reliquien in der kirche zulässig sind: Argument gegen die leibliche Gegenwart im Abendmahl."	"—"	"Barfüsserkloster Bern — Verhandlungen im Langschiff"	"Ein Verhandlungsabschnitt von 1 Seite."	"4"	"Ob Bilder und Reliquien in der Kirche zulässig sind"	"1"
"56"	"4"	"332"	"332"	"1"	"Debatte über die Natur des Leibes Christi"	"Ein Sprecher argumentiert, dass Christi Leib ein wahrer menschlicher Körper sei und deshalb nur an einem einzigen Ort zugleich existieren könne. Die Allgegenwart sei allein eine Eigenschaft der göttlichen Natur, weshalb die Verherrlichung des Leibes dessen menschliche Begrenztheit nicht aufhebe. Anschliessend verweist der Pfarrer von St. Gallen auf die schriftlich festgehaltene Antwort zum ersten Glaubensartikel und leitet zur Behandlung der weiteren Artikel über."	"Die Verhandlungsführer ob bilder und reliquien in der kirche zulässig sind: Debatte über die Natur des Leibes Christi."	"—"	"Barfüsserkloster Bern — Verhandlungen im Langschiff"	"Eine Partei verteidigt ihre Position mit theologischen Argumenten."	"4"	"Ob Bilder und Reliquien in der Kirche zulässig sind"	"1"
"57"	"4"	"333"	"342"	"10"	"Streit um das Abendmahl und Einlenken von St. Gallen"	"Bucer bekräftigt im Gespräch mit dem Pfarrer von St. Gallen, dass die menschliche Natur Christi nach der Himmelfahrt nicht gleichzeitig an mehreren Orten leiblich anwesend sein kann. Daraufhin erklärt der Pfarrer von St. Gallen, durch Zwingli, Ökolampad und Bucer überzeugt worden zu sein, und stellt seine Gegenwehr gegen die vierte Schlussrede ein. Anschliessend tritt Theobald Hütter, der Pfarrer von Appenzell, auf und verteidigt unter Berufung auf die Allmacht Gottes und biblische Zeugnisse die leibliche Gegenwart Christi gegen Zwinglis symbolische Auslegung der Einsetzungsworte."	"Niclaus Christen, Martin Bucer, Ulrich Zwingli (Reformierte und katholische Theologen) ob bilder und reliquien in der kirche zulässig sind: Streit um das Abendmahl und Einlenken von St. Gallen."	"Sänger von Zoffingen; Reformator, Strassburg; Reformator, Zürich"	"Barfüsserkloster Bern — Verhandlungen im Langschiff"	"Eine Partei verteidigt ihre Position mit theologischen Argumenten."	"4"	"Ob Bilder und Reliquien in der Kirche zulässig sind"	"10"
"58"	"4"	"343"	"343"	"1"	"Debatte über wahren Glauben und das Abendmahl"	"Der reformierte Sprecher weist gegnerische Schriftauslegungen zurück und unterscheidet ein rein äusserliches Lippenbekenntnis vom wahren, im Herzen wirkenden Glauben. Für das Abendmahl betont er, dass neben Brot und Wein die Vergegenwärtigung des Todes Christi im Herzen der Gläubigen entscheidend sei. Die Erscheinung Christi vor Paulus erklärt er nicht als leibliche Gegenwart auf Erden, sondern als Dienst durch Engel."	"Die Verhandlungsführer ob bilder und reliquien in der kirche zulässig sind: Debatte über wahren Glauben und das Abendmahl."	"—"	"Barfüsserkloster Bern — Verhandlungen im Langschiff"	"Ein Verhandlungsabschnitt von 1 Seite."	"4"	"Ob Bilder und Reliquien in der Kirche zulässig sind"	"1"
"59"	"4"	"344"	"351"	"8"	"Debatte Appenzeller Geistlicher über die Wandlung"	"Der Pfarrer von Appenzell verteidigt die traditionelle Auffassung von der Verwandlung des Brotes in den wahren Leib Christi und beruft sich auf die Lehre der Kirche. Walther Klarer und Pelagius am Stein fordern ihn auf, sich allein dem Wort Gottes zu unterwerfen, und bestreiten ein empfindliches Essen des Leibes Christi im Abendmahl. Schliesslich bekennen sich die reformierten Appenzeller Geistlichen gemeinsam mit Zwingli zu den Berner Schlussreden und verwerfen die Transsubstantiation."	"Niclaus Christen, Ulrich Zwingli (Reformierte und katholische Theologen) ob bilder und reliquien in der kirche zulässig sind: Debatte Appenzeller Geistlicher über die Wandlung."	"Sänger von Zoffingen; Reformator, Zürich"	"Barfüsserkloster Bern — Verhandlungen im Langschiff"	"Eine Partei verteidigt ihre Position mit theologischen Argumenten."	"4"	"Ob Bilder und Reliquien in der Kirche zulässig sind"	"8"
"60"	"4"	"352"	"355"	"4"	"Ende der vierten und Beginn der fünften Schlussrede"	"Nach abschliessenden Worten von Zwingli und Buchstab zur vierten These über das Abendmahl bekennt sich Pfarrer Matthias von Söngen zur reformierten Auslegung. Conrad Som von Ulm bekräftigt die evangelische Abendmahlslehre und beklagt das Fernbleiben seines Widersachers Johannes Eck, der die Disputation in Bern meide. Anschliessend leitet Berchtold Haller die Verhandlung der fünften Schlussrede ein und begründet die Ablehnung des Messopfers mit dem vollkommenen Erlösungswerk Christi."	"Johannes Eck, Niclaus Christen, Berchtold Haller u.a. (Reformierte und katholische Theologen) ob bilder und reliquien in der kirche zulässig sind: Ende der vierten und Beginn der fünften Schlussrede."	"Katholischer Theologe; Sänger von Zoffingen; Berner Prädikant; Reformator, Zürich"	"Barfüsserkloster Bern — Verhandlungen im Langschiff"	"Ein heftiger Widerspruch durchbricht die Verhandlung."	"4"	"Ob Bilder und Reliquien in der Kirche zulässig sind"	"4"
"61"	"5"	"356"	"364"	"9"	"Debatte über das Messopfer und die Figur Melchisedechs"	"Nach einer ausführlichen reformierten Kritik am Messopfer begründet Johannes Buchstab das eucharistische Opfern anhand Melchisedechs, der Abraham Brot und Wein dargebracht habe. Berchtoldus Haller weist diesen Schriftbeweis zurück und legt anhand des Hebräerbriefs dar, dass Melchisedech kein Opfer vollzogen habe, sondern allein Christi ewiges Priestertum vorbilde. Gilg Murer verteidigt daraufhin Buchstabs Position und beharrt darauf, dass Melchisedechs Priestertum notwendig ein materielles Opfer von Brot und Wein einschliesse."	"Johannes Buchstab, Niclaus Christen, Berchtold Haller (Reformierte und katholische Theologen) ob die messe ein opfer darstellt oder gedächtnismahl christi ist: Debatte über das Messopfer und die Figur Melchisedechs."	"Katholische Seite; Sänger von Zoffingen; Berner Prädikant"	"Barfüsserkloster Bern — Verhandlungen im Langschiff"	"Eine Partei verteidigt ihre Position mit theologischen Argumenten."	"5"	"Ob die Messe ein Opfer darstellt oder Gedächtnismahl Christi ist"	"9"
"62"	"5"	"365"	"373"	"9"	"Debatte über Melchisedech und das Messopfer"	"Gilg Dürer und Johannes Buchstab verteidigen das Messopfer, indem sie Melchisedechs Darbringung von Brot und Wein sowie alttestamentliche Stellen als Vorbild für die priesterliche Handlung deuten. Zwingli widerspricht dieser Auslegung und betont, Melchisedech sei allein eine Vorbedeutung für das einmalige Selbstopfer Christi am Kreuz gewesen. Bucer weist Buchstabs philologische Argumentation zurück und bekräftigt, dass der Einsetzungsbericht des Abendmahls kein erneutes Opfern, sondern das Gedächtnis des Todes Christi meint."	"Gilg Durer, Johannes Buchstab, Niclaus Christen u.a. (Reformierte und katholische Theologen) ob die messe ein opfer darstellt oder gedächtnismahl christi ist: Debatte über Melchisedech und das Messopfer."	"Katholische Seite; Sänger von Zoffingen; Berner Prädikant; Reformator, Strassburg; Reformator, Zürich"	"Barfüsserkloster Bern — Verhandlungen im Langschiff"	"Ein heftiger Widerspruch durchbricht die Verhandlung."	"5"	"Ob die Messe ein Opfer darstellt oder Gedächtnismahl Christi ist"	"9"
"63"	"5"	"374"	"374"	"1"	"Bucers Erwiderung zum Messopfer und Hebräerbrief"	"Ein altgläubiger Sprecher verteidigt das tägliche Messopfer unter Verweis auf das Priestertum Melchisedechs und alttestamentliche Vorbilder. Martin Bucer weist dessen Vorwurf zurück, die Adressaten des Hebräerbriefs seien im Glauben schlecht unterrichtet gewesen. Zudem argumentiert Bucer, dass Christus die Gläubigen durch sein einmaliges Opfer für immer vollendet habe und damit auch das Messopfer hinfällig sei."	"Martin Bucer (Die reformierte Seite) ob die messe ein opfer darstellt oder gedächtnismahl christi ist: Bucers Erwiderung zum Messopfer und Hebräerbrief."	"Reformator, Strassburg"	"Barfüsserkloster Bern — Verhandlungen im Langschiff"	"Eine Partei verteidigt ihre Position mit theologischen Argumenten."	"5"	"Ob die Messe ein Opfer darstellt oder Gedächtnismahl Christi ist"	"1"
"64"	"5"	"375"	"382"	"8"	"Bucer und Murer über das Messopfer und Schriftbelege"	"Martin Bucer bestreitet die Notwendigkeit des Messopfers mit dem Argument, dass Christi einmaliges Kreuzesopfer die Erlösung bereits vollkommen und ewig bewirkt habe. Gilg Murer verteidigt die Messe als tägliches Gedächtnis- und Repräsentationsopfer zur Teilhabe an Christi Leiden und beruft sich dafür auf Stellen in der Apostelgeschichte sowie beim Propheten Maleachi. Bucer weist diese Interpretation zurück und legt anhand des griechischen Urtexts dar, dass in Apostelgeschichte 13 von gottesdienstlichem Gebet und nicht von einem priesterlichen Opfer die Rede sei."	"Gilg Durer, Niclaus Christen, Martin Bucer (Reformierte und katholische Theologen) ob die messe ein opfer darstellt oder gedächtnismahl christi ist: Bucer und Murer über das Messopfer und Schriftbelege."	"Katholische Seite; Sänger von Zoffingen; Reformator, Strassburg"	"Barfüsserkloster Bern — Verhandlungen im Langschiff"	"Eine Partei verteidigt ihre Position mit theologischen Argumenten."	"5"	"Ob die Messe ein Opfer darstellt oder Gedächtnismahl Christi ist"	"8"
"65"	"5"	"383"	"388"	"6"	"Debatte über alttestamentliche Opferprophezeiungen"	"Gilg Murer verteidigt das Messopfer anhand von Schriftstellen aus den Propheten Malachias und Daniel, worin er eine Ankündigung eines künftigen Opfers und dessen Ende in der Endzeit sieht. Martin Bucer und Huldrych Zwingli halten dagegen, dass das reine Opfer geistlich zu verstehen sei und Daniel vom jüdischen Opfer sowie der Zerstörung des Tempels spreche. Während Ökolampad die Erfüllung der Prophezeiungen historisch einordnet, schaltet sich Johannes Büchstab mit dem Verweis auf neutestamentliche Aussagen über den Antichristen in die Diskussion ein."	"Gilg Durer, Martin Bucer, Ulrich Zwingli (Reformierte und katholische Theologen) ob die messe ein opfer darstellt oder gedächtnismahl christi ist: Debatte über alttestamentliche Opferprophezeiungen."	"Katholische Seite; Reformator, Strassburg; Reformator, Zürich"	"Barfüsserkloster Bern — Verhandlungen im Langschiff"	"Eine Partei verteidigt ihre Position mit theologischen Argumenten."	"5"	"Ob die Messe ein Opfer darstellt oder Gedächtnismahl Christi ist"	"6"
"66"	"5"	"389"	"394"	"6"	"Disputation über Endzeitprophetien und das Priestertum"	"Im Streit um die biblische Begründung des Messopfers weisen Ökolampad und Zwingli die endzeitlichen Auslegungen von Schulmeister Buchstab sowie das Votum Theobald Huters zurück. Am folgenden Tag führt Johannes Dannberg Stellen aus dem Hebräer- und dem vierten Buch Mose an, um den priesterlichen Opferdienst der Messe zu verteidigen. Berchtold Haller und Martin Bucer entgegnen daraufhin, dass allein Christus das vollkommene Opfer dargebracht habe und die paulinischen Briefe kein Messopfer begründen."	"Berchtold Haller, Martin Bucer, Ulrich Zwingli (Die reformierte Seite) ob die messe ein opfer darstellt oder gedächtnismahl christi ist: Disputation über Endzeitprophetien und das Priestertum."	"Berner Prädikant; Reformator, Strassburg; Reformator, Zürich"	"Barfüsserkloster Bern — Verhandlungen im Langschiff"	"Ein Verhandlungsabschnitt von 6 Seiten."	"5"	"Ob die Messe ein Opfer darstellt oder Gedächtnismahl Christi ist"	"6"
"67"	"5"	"395"	"401"	"7"	"Debatte über die Messe und Einführung der sechsten These"	"Johannes Büchstab verteidigt gegenüber Berchtold Haller äussere Zeremonien und die Anbetung Christi unter der Gestalt des Brotes, während Haller die Messe wegen menschlicher Zusätze als Gräuel ablehnt. Nach einer Erörterung zwischen Johannes Dannberger und Huldrych Zwingli über das Wesen des Testaments Christi wird die fünfte Schlussrede beendet. Franz Kolb leitet schliesslich die sechste Schlussrede ein, wonach allein Christus als Mittler und Fürsprecher vor Gott anzurufen sei."	"Berchtold Haller, Franz Kolb (Die reformierte Seite) ob die messe ein opfer darstellt oder gedächtnismahl christi ist: Debatte über die Messe und Einführung der sechsten These."	"Berner Prädikant"	"Barfüsserkloster Bern — Verhandlungen im Langschiff"	"Eine Partei verteidigt ihre Position mit theologischen Argumenten."	"5"	"Ob die Messe ein Opfer darstellt oder Gedächtnismahl Christi ist"	"7"
"68"	"6"	"402"	"402"	"1"	"Verteidigung Christi als Mittler und Wortmeldung Wächters"	"Zur Begründung der sechsten These wird betont, dass allein Christus der Mittler sei und die Anrufung von Heiligen oder Nothelfern unbiblischem Götzendienst gleiche. Daraufhin meldet sich Hanns Wächter von Schenkenberg und berichtet, der Kirchherr von Brugg habe öffentlich gegen diese Auffassung gepredigt. Er fordert den Pfarrer von Brugg auf, seine auf das Buch der Makkabäer gestützten Argumente für die Heiligenfürbitte nun offenzulegen."	"Die Verhandlungsführer ob klostergelübde und damit verbundene armut evangeliumsgemäss sind: Verteidigung Christi als Mittler und Wortmeldung Wächters."	"—"	"Barfüsserkloster Bern — Verhandlungen im Langschiff"	"Ein Verhandlungsabschnitt von 1 Seite."	"6"	"Ob Klostergelübde und damit verbundene Armut evangeliumsgemäss sind"	"1"
"69"	"6"	"403"	"411"	"9"	"Debatte über die Fürbitte der Heiligen"	"Nachdem Johannes Lottstetter und Hanns Wächter über eine Predigt zur Fürbitte Marias und der Heiligen gesprochen haben, verteidigt Gilg Dürer das fürbittende Gebet der Heiligen als Glieder am Leib Christi. Dürer stützt seine Argumente unter anderem auf das biblische Liebesgebot und die Offenbarung des Johannes. Ulrich Zwingli weist diese Deutung zurück und betont, dass nach der Heiligen Schrift allein Christus der Mittler sei und die Apokalypse keinen gültigen Gegenbeweis liefere."	"Gilg Durer, Niclaus Christen, Ulrich Zwingli (Reformierte und katholische Theologen) ob klostergelübde und damit verbundene armut evangeliumsgemäss sind: Debatte über die Fürbitte der Heiligen."	"Katholische Seite; Sänger von Zoffingen; Reformator, Zürich"	"Barfüsserkloster Bern — Verhandlungen im Langschiff"	"Eine Partei verteidigt ihre Position mit theologischen Argumenten."	"6"	"Ob Klostergelübde und damit verbundene Armut evangeliumsgemäss sind"	"9"
"70"	"6"	"412"	"418"	"7"	"Streit über die Fürbitte der Heiligen im Himmel"	"Gilg Dürer verteidigt die Fürbitte der verstorbenen Heiligen im Himmel anhand verschiedener Bibelstellen, was Zwingli als unbiblisch und kontextwidrig zurückweist. Johannes Buchstab greift diese Argumentation auf und fordert von den Reformatoren einen Schriftbeweis dafür, dass den Heiligen nach dem Tod die Macht zur Fürbitte genommen worden sei. Berchtold Haller entgegnet, dass die Schrift Fürbitten allein unter lebenden Gläubigen kenne und Christus der einzige Mittler vor Gott bleibe."	"Gilg Durer, Berchtold Haller, Ulrich Zwingli (Reformierte und katholische Theologen) ob klostergelübde und damit verbundene armut evangeliumsgemäss sind: Streit über die Fürbitte der Heiligen im Himmel."	"Katholische Seite; Berner Prädikant; Reformator, Zürich"	"Barfüsserkloster Bern — Verhandlungen im Langschiff"	"Eine Partei verteidigt ihre Position mit theologischen Argumenten."	"6"	"Ob Klostergelübde und damit verbundene Armut evangeliumsgemäss sind"	"7"
"71"	"6"	"419"	"425"	"7"	"Debatte über Fürbitte, biblischen Kanon und Maria"	"Johannes Büchstab verteidigt die Fürbitte von Engeln und Heiligen sowie die Mittlerrolle Marias und beruft sich dabei auch auf alttestamentliche Vorbilder und apokryphe Schriften. Johannes Ökolampad und Berchtold Haller widersprechen seinen Schriftauslegungen und betonen den Unterschied zwischen kanonischen und apokryphen Büchern. Ulrich Zwingli bekräftigt die alleinige Autorität der kanonischen Bibel und weist eine göttliche Fürbitterfunktion Marias zurück."	"Niclaus Christen, Berchtold Haller, Ulrich Zwingli (Reformierte und katholische Theologen) ob klostergelübde und damit verbundene armut evangeliumsgemäss sind: Debatte über Fürbitte, biblischen Kanon und Maria."	"Sänger von Zoffingen; Berner Prädikant; Reformator, Zürich"	"Barfüsserkloster Bern — Verhandlungen im Langschiff"	"Ein heftiger Widerspruch durchbricht die Verhandlung."	"6"	"Ob Klostergelübde und damit verbundene Armut evangeliumsgemäss sind"	"7"
"72"	"6"	"426"	"431"	"6"	"Verwerfung von Heiligenfürbitte und Fegefeuer"	"Zwingli weist die Fürbitte der Heiligen und die Wirksamkeit von Wallfahrtsorten zurück, da allein Christus der Mittler und Erlöser ist. Anschliessend beklagt Paulus Beck aus Geislingen das Fernbleiben seines altgläubigen Kontrahenten Jörg Oswald, den er zur Disputation geladen hatte. Berchtold Haller eröffnet daraufhin die siebte Schlussrede und begründet anhand der Schrift die Ablehnung des Fegefeuers sowie aller Totendienste."	"Niclaus Christen, Berchtold Haller, Ulrich Zwingli (Reformierte und katholische Theologen) ob klostergelübde und damit verbundene armut evangeliumsgemäss sind: Verwerfung von Heiligenfürbitte und Fegefeuer."	"Sänger von Zoffingen; Berner Prädikant; Reformator, Zürich"	"Barfüsserkloster Bern — Verhandlungen im Langschiff"	"Ein Verhandlungsabschnitt von 6 Seiten."	"6"	"Ob Klostergelübde und damit verbundene Armut evangeliumsgemäss sind"	"6"
"73"	"7"	"432"	"440"	"9"	"Debatte über Schriftbelege für das Fegefeuer"	"Johannes Dannberger und Johannes Büchstab verteidigen die Existenz des Fegefeuers mit verschiedenen biblischen Belegstellen über Abstufungen der Strafe sowie die Notwendigkeit einer nachtodlichen Reinigung unvollkommen Gläubiger. Zwingli und Ökolampad weisen diese Auslegungen zurück und argumentieren, dass Begriffe wie Hölle, Wasser und Feuer für irdische Trübsale oder das Grab stehen und die Gläubigen allein durch das Blut Christi vollkommen erlöst werden. Büchstab beharrt darauf, dass Gott den Menschen nach seinen Werken vergilt und ein unvollkommener Glaube der nachträglichen Läuterung bedürfe."	"Berchtold Haller, Ulrich Zwingli (Die reformierte Seite) ob die kindertaufe biblisch begründet ist: Debatte über Schriftbelege für das Fegefeuer."	"Berner Prädikant; Reformator, Zürich"	"Barfüsserkloster Bern — Verhandlungen im Langschiff"	"Ein Verhandlungsabschnitt von 9 Seiten."	"7"	"Ob die Kindertaufe biblisch begründet ist"	"9"
"74"	"7"	"441"	"443"	"3"	"Debatte über 1. Korinther 3 und das Fegefeuer"	"Zwingli bekräftigt, dass allein der Glaube an Christus selig mache und die angeführten Bibelstellen kein Fegefeuer belegen. Johannes Büchstab verteidigt die Existenz des Fegefeuers mit alttestamentlichen Prophetenworten sowie der paulinischen Aussage über das prüfende Feuer im ersten Korintherbrief. Berchtold Haller erwidert darauf, Paulus spreche an dieser Stelle nicht vom Fegefeuer, sondern von der Erprobung der christlichen Lehre und ihrer Prediger in Zeiten von Verfolgung."	"Berchtold Haller, Ulrich Zwingli (Die reformierte Seite) ob die kindertaufe biblisch begründet ist: Debatte über 1. Korinther 3 und das Fegefeuer."	"Berner Prädikant; Reformator, Zürich"	"Barfüsserkloster Bern — Verhandlungen im Langschiff"	"Ein heftiger Widerspruch durchbricht die Verhandlung."	"7"	"Ob die Kindertaufe biblisch begründet ist"	"3"
"75"	"7"	"444"	"445"	"2"	"Streit um Paulus, den Tag des Herrn und das Fegefeuer"	"Im Streit um die Auslegung von Paulus weist Buchstab die reformierte Deutung zurück und beruft sich auf den wörtlichen Schriftsinn sowie die jahrhundertealte Tradition. Berchtold Haller erwidert, dass der Tag des Herrn die Heimsuchung und Bewährung im irdischen Leiden meine, weshalb die Bibelstelle keineswegs das Fegefeuer belege. Anschliessend bringt Buchstab das Beispiel des Schächers am Kreuz vor, um die Notwendigkeit von Busse und Straflosung im Glauben zu begründen."	"Berchtold Haller (Die reformierte Seite) ob die kindertaufe biblisch begründet ist: Streit um Paulus, den Tag des Herrn und das Fegefeuer."	"Berner Prädikant"	"Barfüsserkloster Bern — Verhandlungen im Langschiff"	"Ein heftiger Widerspruch durchbricht die Verhandlung."	"7"	"Ob die Kindertaufe biblisch begründet ist"	"2"
"76"	"7"	"446"	"455"	"10"	"Debatte über das Fegefeuer und Totendienste"	"Johannes Büchstab und Theobald Hůter, Pfarrer zu Appenzell, begründen die Existenz des Fegefeuers sowie Totengedenkfeiern anhand biblischer Gleichnisse und alttestamentlicher Trauerbräuche. Berchtold Haller und Ökolampad weisen Büchstabs Auslegung von Schriftstellen über den Kerker zurück und bestreiten einen Bezug auf einen zeitlich begrenzten jenseitigen Reinigungsort. Ulrich Zwingli betont dem Appenzeller Pfarrer gegenüber, dass allein Christus die Erlösung erwirkt habe und irdische Strafen oder biblische Redewendungen kein Fegefeuer belegen."	"Berchtold Haller (Die reformierte Seite) ob die kindertaufe biblisch begründet ist: Debatte über das Fegefeuer und Totendienste."	"Berner Prädikant"	"Barfüsserkloster Bern — Verhandlungen im Langschiff"	"Ein Verhandlungsabschnitt von 10 Seiten."	"7"	"Ob die Kindertaufe biblisch begründet ist"	"10"
"77"	"7"	"456"	"459"	"4"	"Debatte über Totengedenken und Fegefeuer"	"Die reformierte Seite und Berchtold Haller bestreiten anhand von Schriftstellen wie dem ersten Thessalonicherbrief und Johannes 5 die Existenz des Fegefeuers sowie den Sinn von Totengedenken. Buchstab verteidigt die traditionellen Jahrzeiten mit Verweis auf die frühe Kirche und betont, Paulus habe nicht das Gebet für Verstorbene, sondern nur heidnisches Trauern verboten. Während Buchstab bekräftigt, dass auch für die Seelen im Fegefeuer Hoffnung bestehe, beharrt Haller darauf, dass die Gläubigen unmittelbar vom Tod zum ewigen Leben gelangen."	"Berchtold Haller (Die reformierte Seite) ob die kindertaufe biblisch begründet ist: Debatte über Totengedenken und Fegefeuer."	"Berner Prädikant"	"Barfüsserkloster Bern — Verhandlungen im Langschiff"	"Eine Partei verteidigt ihre Position mit theologischen Argumenten."	"7"	"Ob die Kindertaufe biblisch begründet ist"	"4"
"78"	"8"	"460"	"463"	"4"	"Debatte über das biblische Bilderverbot"	"Franciscus Kolb begründet die achte Schlussrede mit biblischen Schriftstellen und fordert die Beseitigung verehrter Bilder. Johannes Buchstab verteidigt Bilder als Gedächtnisstützen sowie Bücher für Ungelehrte und plädiert dafür, sie ohne Anbetung zu belassen, um Ärgernis zu vermeiden. Zwingli und anschliessend Theobaldus Bůter streiten daraufhin über die Missbrauchsgefahr und die biblische Auslegung des Bilderverbots."	"Niclaus Christen, Franz Kolb, Ulrich Zwingli (Reformierte und katholische Theologen) ob christi gegenwart im abendmahl leiblich oder geistlich verstanden wird: Debatte über das biblische Bilderverbot."	"Sänger von Zoffingen; Berner Prädikant; Reformator, Zürich"	"Barfüsserkloster Bern — Verhandlungen im Langschiff"	"Eine Partei verteidigt ihre Position mit theologischen Argumenten."	"8"	"Ob Christi Gegenwart im Abendmahl leiblich oder geistlich verstanden wird"	"4"
"79"	"8"	"464"	"464"	"1"	"Zwingli und Huter über den Bildgebrauch und Deut 4"	"Ein Sprecher verteidigt den christlichen Bildgebrauch gegen den Vorwurf des Götzendienstes und legt das Bilderverbot in Deuteronomium 4 allein auf das Wesen Gottes aus. Ulrich Zwingli hält dagegen, dass nach der Schrift weder Gott noch Geschöpfe zur religiösen Verehrung abgebildet werden dürfen. Nachdem Theobald Huter seine Argumente dem Urteil der allgemeinen Kirche unterstellt hat, mahnt Zwingli, dass die Unterwerfung unter die Kirche stets die Unterwerfung unter Gottes Wort bedeuten müsse."	"Die Verhandlungsführer ob christi gegenwart im abendmahl leiblich oder geistlich verstanden wird: Zwingli und Huter über den Bildgebrauch und Deut 4."	"—"	"Barfüsserkloster Bern — Verhandlungen im Langschiff"	"Eine Partei verteidigt ihre Position mit theologischen Argumenten."	"8"	"Ob Christi Gegenwart im Abendmahl leiblich oder geistlich verstanden wird"	"1"
"80"	"8"	"465"	"474"	"10"	"Disputation über die 9. Schlussrede zur Priesterehe"	"Berchtold Haller begründet die neunte Schlussrede biblisch und erklärt das Eheverbot für Geistliche als widergöttlich, woraufhin sich auch Jacobus Wirben zu den Artikeln bekennt. Schulmeister Buchstab hält dagegen, dass eingegangene Keuschheitsgelübde bindend seien und das Neue Testament keine Eheschliessung nach der Priesterweihe kenne. Ulrich Zwingli entgegnet, dass Enthaltsamkeit eine freie Gabe Gottes sei und nicht durch Gelübde erzwungen werden könne."	"Niclaus Christen, Berchtold Haller, Ulrich Zwingli (Reformierte und katholische Theologen) ob christi gegenwart im abendmahl leiblich oder geistlich verstanden wird: Disputation über die 9. Schlussrede zur Priesterehe."	"Sänger von Zoffingen; Berner Prädikant; Reformator, Zürich"	"Barfüsserkloster Bern — Verhandlungen im Langschiff"	"Ein heftiger Widerspruch durchbricht die Verhandlung."	"8"	"Ob Christi Gegenwart im Abendmahl leiblich oder geistlich verstanden wird"	"10"
"81"	"8"	"475"	"481"	"7"	"Debatte über Gelübde und Auftritt von Blarer"	"Johannes Buchstab verteidigt Gelübde mit Schriftstellen aus dem Alten und Neuen Testament und betont die Pflicht zu deren Einhaltung vor Gott. Zwingli und Ökolampad weisen dies zurück und betonen die christliche Freiheit des Glaubens gegenüber menschlichen Gelübden sowie die metaphorische Natur der alttestamentlichen Opfergebote. Anschliessend meldet sich Ambrosius Blarer zu Wort und erklärt seine Entsendung durch den Rat von Konstanz zur Disputation."	"Johannes Eck, Niclaus Christen, Berchtold Haller u.a. (Reformierte und katholische Theologen) ob christi gegenwart im abendmahl leiblich oder geistlich verstanden wird: Debatte über Gelübde und Auftritt von Blarer."	"Katholischer Theologe; Sänger von Zoffingen; Berner Prädikant; Reformator, Zürich"	"Barfüsserkloster Bern — Verhandlungen im Langschiff"	"Eine Partei verteidigt ihre Position mit theologischen Argumenten."	"8"	"Ob Christi Gegenwart im Abendmahl leiblich oder geistlich verstanden wird"	"7"
"82"	"8"	"482"	"490"	"9"	"Zehnte Schlussrede und Abschluss der Disputation"	"Franciscus Kolb begründet die zehnte Schlussrede gegen die priesterliche Unkeuschheit, woraufhin Johannes Büchstab und Theobald Huter ihre versöhnlichen Schlussworte an die Versammlung richten. Berchtold Haller ermahnt die Geistlichen in einer ausführlichen Rede zu einer aufrichtigen Erneuerung des Lebenswandels, während Zwingli, Ökolampad, Capito und Bucer ihre Bereitschaft zur fortgesetzten Verteidigung der reformatorischen Lehre bekräftigen. Schliesslich erklärt Joachim von Watt im Namen der Präsidenten die Verhandlungen für beendet, worauf Haller im Auftrag des Berner Rats allen Teilnehmern dankt."	"Niclaus Christen, Berchtold Haller, Franz Kolb u.a. (Reformierte und katholische Theologen) ob christi gegenwart im abendmahl leiblich oder geistlich verstanden wird: Zehnte Schlussrede und Abschluss der Disputation."	"Sänger von Zoffingen; Berner Prädikant; Berner Schultheiss; Reformator, Strassburg; Reformator, Zürich"	"Barfüsserkloster Bern — Verhandlungen im Langschiff"	"Eine Ermahnung zur Ordnung unterbricht die Debatte."	"8"	"Ob Christi Gegenwart im Abendmahl leiblich oder geistlich verstanden wird"	"9"
"83"	"8"	"491"	"496"	"5"	"Biblische Devisen im Druck von Froschauer"	"Der Textabschnitt enthält verschiedene biblische Gleichnisse und Sinnsprüche über Bäume, Früchte und das Senfkorn. Ein zentrales Zitat betont, dass jede Pflanzung ausgerissen wird, die nicht vom himmlischen Vater stammt. Zudem finden sich Hinweise auf den Zürcher Buchdrucker Christoph Froschauer."	"Die Verhandlungsführer ob christi gegenwart im abendmahl leiblich oder geistlich verstanden wird: Biblische Devisen im Druck von Froschauer."	"—"	"Barfüsserkloster Bern — Verhandlungen im Langschiff"	"Ein Verhandlungsabschnitt von 6 Seiten."	"8"	"Ob Christi Gegenwart im Abendmahl leiblich oder geistlich verstanden wird"	"6"
