reference	book	chapter	count	min_confidence	surfaces	pages	confirmed
Joh 6	Johannes	6	94	0.857	Johannis am 6. Cap. (13) | Johannis am 6. Capitel (12) | Johannis am 6. Capitel. (9) | Johannis am 6. (8) | Johannes am vi cap (6) | Johannis 6. (6)	a_v_1447_schlussredaktion:25,151,169,221,336,354,360,362,380,383,388,389; druck_1608_bern:245,258,260,261,262,275,279,280,281,283,307,314; druck_1608_zuerich:247,260,262,263,264,277,281,282,283,285,309,316	
Mt 16	Matthäus	16	77	0.857	Matth. 16. (10) | Matth. am 16. Cap. (8) | Matthei am 16.cap. (5) | Matth. am 16. (5) | Matth. 16. cap. (4) | Matth. am 16. cap. (4)	a_v_1443_hertwig:10,55,56; a_v_1445_schoeni:16,40,59; a_v_1446_ruemlang:13,31,40,51; a_v_1447_schlussredaktion:78,203; druck_1608_bern:38,56,62,63,73,74,145,148,149,155,228,244; druck_1608_zuerich:40,58,64,65,75,76,147,150,151,157,230,246; druck_1701:26,32,40,43,48,50	
Joh 20	Johannes	20	71	0.857	Johannis am 20. Capitel (5) | Johannis am 20. Capitel. (5) | Johannis am 20. Cap. (4) | Johannis xx (3) | Johannis am xx. (3) | Johannis 20 (2)	a_v_1443_hertwig:55,56,57; a_v_1447_schlussredaktion:65,80,212,214,219,220,410,420; druck_1528:55,119,122,123,124,127,254,256,258,264; druck_1528_04:58,70,146,149,150,305,306,307; druck_1608_bern:74,153,293,295,297,304,305; druck_1608_zuerich:76,155,295,297,299,306,307; druck_1701:48,59	
Eph 5	Epheser	5	53	0.857	Eph. 5. (4) | zun Epheſ. 5. cap. (3) | Epheſ. am 5. (3) | Epheſern am v. (2) | zun Epheſern am v. (2) | Epheſ. 5. (2)	a_v_1444_cyro:12; a_v_1446_ruemlang:14,38; a_v_1447_schlussredaktion:32,195,232; druck_1528:22,132,133,142,143,172,251; druck_1528_04:33,41,47,160,161,170,172,204,291; druck_1608_bern:38,39,46,159,160,169,171,203,289; druck_1608_zuerich:40,41,48,161,162,171,173,205,291; druck_1701:26,33,47,119,137,138,147,148,178,257,592	
1 Tim 3	1 Timotheus	3	47	0.909	"Timoth. 3. (9) | Timoth. am 3. (6) | zun Timoth.
am 3. (3) | zun Timotheon am
3. cap. (2) | zum Timotheo am 3. cap. (2) | zum Timotheo 3. cap. (2)"	druck_1608_bern:98,164,165,173,192,203,212,215,216,450,538,540; druck_1608_zuerich:100,166,167,175,194,205,214,217,218,452,540,542; druck_1701:80,142,144,152,179,187,189,190,403,479,482,486	
Mt 18	Matthäus	18	44	0.889	Matth. am 18. (5) | Matth. am 18. Cap. (5) | Matth. am 18. cap. (4) | Matth.am 18.cap. (3) | Matth. 18. cap. (2) | Matthei 18. cap. (2)	a_v_1447_schlussredaktion:88,220; druck_1608_bern:77,80,82,88,105,107,122,146,149,153,220,221; druck_1608_zuerich:79,82,84,90,107,109,124,148,151,155,222,223; druck_1701:62,65,66,71,86,88,103,125,129,132,195,551	
Mt 5	Matthäus	5	44	0.889	Mathei. v. (6) | Matthei am 5. (5) | Matth. 5. (3) | Matth. v. (2) | Matthei. v. (2) | Matthei am v. capitel. (2)	a_v_1447_schlussredaktion:329,686,687,688,726; druck_1528:198,203,447,468; druck_1528_04:238,513,514,537,545; druck_1608_bern:236,515,540,548; druck_1608_zuerich:238,517,542,550,644,689,746,748; druck_1701:209,210,460,461,462,482,488,528,584,586	
Röm 8	Römer	8	42	0.909	"Rom. 8. (8) | zun Roͤmern am 8. cap. (4) | zun Roͤmern 8.
cap. (2) | zun Roͤmern am 8. (2) | zun Römern am 8. Capitel. (2) | zun Roͤmern am 8. Cap. (2)"	druck_1608_bern:39,113,115,124,234,238,341,368,391,498; druck_1608_zuerich:41,115,117,126,236,240,343,370,393,500,506,706; druck_1701:27,80,83,94,96,105,208,211,305,330,351,447	
Eph 4	Epheser	4	34	0.857	"Eph. 4. (6) | zun
Epheſ. am 4.cap. (2) | zun Epheſeren am 4. capit. (2) | zun
Epheſ.am 4. (2) | zun Epheſ. am 4. cap. (2) | zun Ephſern am 4. Capit. (2)"	a_v_1443_hertwig:32; a_v_1444_cyro:12; a_v_1446_ruemlang:14; a_v_1447_schlussredaktion:189; druck_1608_bern:38,44,133,134,154,158,502,558; druck_1608_zuerich:40,46,135,136,156,160,504,560,746; druck_1701:26,32,114,133,136,448,498,584,592	
1 Kor 10	1 Korinther	10	32	0.9	"zun Corinth. am 10. Cap. (6) | Corinth. 10. (3) | Corinth. x. (2) | zun Corinth. am x. (2) | zun Corinth.am 10.cap. (2) | zun Corinth.
am 10. (2)"	a_v_1447_schlussredaktion:329; druck_1528:254,255,261,263,460,472; druck_1528_04:238,257,295,300,302,527,542; druck_1608_bern:186,236,293,295,303,320,530; druck_1608_zuerich:188,238,295,297,305,322,532; druck_1701:163,209,263,486	
Jes 55	Jesaja	55	31	0.909	"Eſaie am 55. Cap. (6) | Eſaie am lv. (3) | Eſa. 55. (3) | Eſaie am 55. (2) | Eſaie am 55. capit. (2) | Eſaie am 55.
Capitel. (2)"	a_v_1444_cyro:12; a_v_1447_schlussredaktion:462; druck_1528:160,226,290,291,292; druck_1528_04:34,190,263,335,336,337; druck_1608_bern:39,189,262,333,334,336; druck_1608_zuerich:41,191,264,335,336,338; druck_1701:26,166,233,298,299,300	
Mt 24	Matthäus	24	31	1.0	"Matth. am 24. (9) | Matth.am 24. (3) | Matth.am
24. (2) | Matthei am 24.
Cap. (2) | Matthei am 24. Capitel. (2) | Matthei
am 24. (2)"	a_v_1447_schlussredaktion:659; druck_1608_bern:191,196,226,256,371,396,443,444,448,494; druck_1608_zuerich:193,198,228,258,373,398,445,446,450,496; druck_1701:167,173,200,227,332,356,397,401,441	
Apg 15	Apostelgeschichte	15	29	0.857	Actorum am 15. (3) | Act. 15. (3) | Actuum am xv. (2) | Actorum xv. (2) | Actorum am xv. (2) | Act. 15. cap. (2)	a_v_1446_ruemlang:56; a_v_1447_schlussredaktion:69,292,298,318; druck_1528:173,178,384; druck_1528_04:63,205,210,230; druck_1608_bern:67,203,228,441; druck_1608_zuerich:69,205,230,443,756,817; druck_1701:53,179,184,202,396,594,657	
Apg 5	Apostelgeschichte	5	27	0.857	Actorum 5. (8) | Actorum. v. (4) | Actorum v. (3) | Actozum. v. (2) | Actorum am 5. (2) | Actum 5. (1)	a_v_1446_ruemlang:55; a_v_1447_schlussredaktion:69,716,731,733; druck_1528:47,205,479,480; druck_1528_04:62,550,552; druck_1608_bern:539,552,554; druck_1608_zuerich:541,554,556,607; druck_1701:493,494,495	
Hebr 5	Hebräer	5	26	0.857	zun Hebreern am 5. (3) | Hebreern am 5. (3) | breern am 5. (3) | Hebreos. v. (2) | zun Hebreern am v. (2) | zun Hebreern am 5. Capitel (2)	a_v_1447_schlussredaktion:569,611,612; druck_1528:357,360,378,393,480; druck_1528_04:413,453,454; druck_1608_bern:411,453,454; druck_1608_zuerich:413,455,456; druck_1701:368,406,440	
Röm 15	Römer	15	26	0.909	"zun Roͤmern am 15. (4) | Rom. xv. (2) | Roͤm. 15. (2) | Romanos. xv (1) | zun Römern xv. (1) | zun
Römern am xv. capitel (1)"	a_v_1447_schlussredaktion:599; druck_1528:135,259,267,359,383,485; druck_1528_04:164,300,559; druck_1608_bern:163,298,308,413,441,560; druck_1608_zuerich:165,300,310,415,443,562; druck_1701:56,266,274,499	
1 Kor 5	1 Korinther	5	25	0.9	Corinth. 5. Cap. (3) | Corinth. v. cap. (2) | Corinth. v. capitel (2) | Corinth.5. cap. (2) | zun Corinth. am 5. Capitel. (2) | Corinth. am 5. Capitel (2)	a_v_1447_schlussredaktion:95,329,737; druck_1528:158,203,268,281,482; druck_1528_04:78,238,324,387,389,555; druck_1608_bern:236,371,386,557; druck_1608_zuerich:238,373,388,559,571; druck_1701:209,288	
Eph 2	Epheser	2	25	0.857	"Eph. 2. (7) | zun Epheſern am 2. (3) | zun Epheſern am
2. (2) | zun
Epheſern am 2. (2) | zun
Ephesern am 2. (2) | Epheſ. 2. (2)"	a_v_1447_schlussredaktion:347,576,626; druck_1608_bern:253,418,462,463; druck_1608_zuerich:255,420,464,465,591,701,747,751,790; druck_1701:225,375,414,540,585,589,630	
Lk 22	Lukas	22	25	0.889	Luce am 22. (6) | Luc. 22. (3) | Luce am xxii cap (3) | Luc. am 22. (3) | Luce am 22. cap. (2) | Luce 22. Cap. (2)	a_v_1446_ruemlang:40,49; a_v_1447_schlussredaktion:264,389,402; druck_1608_bern:182,262,280,289,461; druck_1608_zuerich:184,264,282,291,463,772,774; druck_1701:40,48,160,233,249,257,413,611	
Ex 12	Exodus	12	24	1.0	"Exodi am 12. Cap. (5) | Exodi am 12. Capitel (3) | Exodi am 12. (3) | Exodi. 12. (2) | Exodi am 12.
Cap. (2) | Exodi 12. (2)"	a_v_1447_schlussredaktion:436; druck_1608_bern:290,315,322,357,362,372,430,433; druck_1608_zuerich:292,324,359,364,374,432,435; druck_1701:258,281,288,319,324,333,385,388	
Kol 2	Kolosser	2	24	0.87	"zun Coloſ.2. (3) | Coloſſenſ. am 2. (2) | Coloſſ. am
2. (2) | zun Coloſſ. am 2. capit. (2) | zun Coloſſenſern 2. cap. (2) | zun Coloſſen. am 2. Capitel (2)"	a_v_1447_schlussredaktion:338; druck_1608_bern:191,202,205,228,231,234,350,375; druck_1608_zuerich:193,204,207,230,233,236,352,377,592; druck_1701:148,168,178,181,205,314	
Mt 15	Matthäus	15	24	0.857	Matth.am 15. (3) | Matthei am 15. Capitel. (3) | Matthei am xv. (2) | Matthei xv. (2) | Matthei 15. (2) | Matth 15. (2)	a_v_1447_schlussredaktion:726; druck_1528:161,185,405,475; druck_1528_04:191,218,465,545; druck_1608_bern:190,216,466,548; druck_1608_zuerich:192,218,468,550,686,745; druck_1701:191,417,489,524,583	
Hebr 10	Hebräer	10	23	0.889	zun Hebreern am x. (3) | Hebreern am 10. Capitel (3) | breern am 10. (2) | zun Hebreern 10. (2) | zun Hebreern am 10. (2) | zum hebreern am x cap (1)	a_v_1447_schlussredaktion:453; druck_1528:284,374; druck_1528_04:328,412,416,431,551; druck_1608_bern:414,430,435,553; druck_1608_zuerich:412,416,432,437,555; druck_1701:291,368,371,385,390,494	
1 Tim 5	1 Timotheus	5	22	0.842	Timoth. 5. (5) | Timoth. v. (3) | Timoth. am 5. cap. (2) | zum Timotheum am 5. (2) | Timothei 5. (2) | thamotheum. v. (1)	a_v_1447_schlussredaktion:724,726; druck_1528:188,473,478; druck_1528_04:221,544,547,549; druck_1608_bern:220,546,548,550,552; druck_1608_zuerich:222,548,550,552,554; druck_1701:194,489,492	
Eph 1	Epheser	1	22	0.857	"Epheſ. 1. (4) | Zun Epheſ. 1. (3) | Eph. 1. (2) | zun
Epheſern am 1.cap. (2) | zum Ephesernn am 1 cap (1) | Ephesios. i. (1)"	a_v_1447_schlussredaktion:246,283,406; druck_1528:27; druck_1608_bern:44,170,172,195; druck_1608_zuerich:46,172,174,197,710,711,754; druck_1701:31,148,150,171,260,548,549	
Hebr 9	Hebräer	9	22	0.923	"zun Hebreern 9. (4) | Hebreern am 9. (3) | breern am ix. cap. (2) | zun Hebreern am 9.
cap. (2) | zun Hebreern am 9. Capit. (2) | zun Hebreern am 9. (2)"	a_v_1447_schlussredaktion:96; druck_1528:301,373,462,477; druck_1528_04:348,430,548; druck_1608_bern:83,346,429,532,550; druck_1608_zuerich:85,348,431,534,552; druck_1701:310,384,475,491	
1 Tim 4	1 Timotheus	4	21	0.875	"Timoth. am 4. (4) | Timoth. 4. (3) | zum Timoth.
am 4. (3) | Timot. am 4. (2) | Timothei 4. (2) | thimotheo iiii cap (1)"	a_v_1447_schlussredaktion:123,281; druck_1608_bern:221,223,227,230,538,543; druck_1608_zuerich:223,225,229,232,540,545; druck_1701:195,196,198,201,204,480,484	
Lk 10	Lukas	10	21	1.0	Luce x. (3) | Luce am 10. (3) | Luc.10. (2) | Luc.am 10. (2) | Luc. am 10. cap. (2) | Luc. 10. (2)	druck_1528:194,195,196,457; druck_1528_04:228,229,230,525; druck_1608_bern:226,228,229,527; druck_1608_zuerich:228,230,231,529; druck_1701:200,202,203,205,471	
Lk 16	Lukas	16	21	1.0	Luce am 16. (10) | Luc.am 16. (2) | Luce 16. (2) | Luc. 16. (2) | Luce am xvi cap (1) | Luce am 16. cap. (1)	a_v_1447_schlussredaktion:242; druck_1608_bern:166,190,413,478,479; druck_1608_zuerich:168,192,415,480,481,816; druck_1701:144,167,371,427,428,657	
Mt 17	Matthäus	17	21	0.857	"Matth. am 17. (4) | Matthei am 17. Cap. (3) | Matth.am 17. (2) | Matthei
am 17. capitel (2) | Matth. 17. (2) | Matth. am 17. Cap. (2)"	a_v_1443_hertwig:54; a_v_1447_schlussredaktion:209; druck_1608_bern:189,234,257,292,339,463; druck_1608_zuerich:191,236,259,294,341,465; druck_1701:47,166,207,228,260,303,414	
Mt 19	Matthäus	19	21	0.889	Matthei am 19. (3) | Matth. am 19. (2) | Matthei 19. (2) | Matth. 19. (2) | Matthei am xix. capit. (1) | Matth. am xix. (1)	druck_1528:223,438,465,472; druck_1528_04:502,534,542; druck_1608_bern:258,505,537,544; druck_1608_zuerich:260,507,539,546,821; druck_1701:229,451,479,486,662	
Mt 25	Matthäus	25	21	1.0	"Matth. 25. (4) | Matth. xxv. (3) | Matth. am 25. (3) | Mathei. xxv. (2) | Matth.xxv (2) | Matth. 25.
Capit. (2)"	a_v_1447_schlussredaktion:336,706; druck_1528:416,460; druck_1528_04:244,478,527,528; druck_1608_bern:242,480,530,531; druck_1608_zuerich:244,482,532,533; druck_1701:215,429,473,474	
Apg 2	Apostelgeschichte	2	20	0.857	Actorum am 2. Capitel (3) | Act. 2. (3) | Act. am 2. cap. (2) | Act.2. (2) | Actorum am 2. Capit. (2) | Actorum am 2. Capitel. (2)	a_v_1446_ruemlang:56; a_v_1447_schlussredaktion:296; druck_1608_bern:67,194,316,317,373; druck_1608_zuerich:69,196,318,319,375,596,607,789; druck_1701:53,171,282,334,629	
Gal 5	Galater	5	20	0.857	"Gal. 5. (4) | zun Galather am 5. Capit. (2) | Galathern am 5. (2) | zun Galathern am
5. (2) | Galathas. v. (1) | zun Galather
am v. Cap (1)"	a_v_1447_schlussredaktion:675; druck_1528:31,397; druck_1528_04:44,501; druck_1608_bern:48,457,504; druck_1608_zuerich:50,459,506,708,722,744; druck_1701:35,409,450,547,560,582	
Röm 10	Römer	10	20	0.857	"Rom. 10. (8) | Rom 10. (2) | zun Roͤm. am 10. (2) | zun Roͤmern
am 10. Capitel. (2) | Romanos 10. (1) | zum Romern am x. (1)"	a_v_1443_hertwig:12; a_v_1446_ruemlang:15; a_v_1447_schlussredaktion:344; druck_1528:216; druck_1528_04:35; druck_1608_bern:40,250,343; druck_1608_zuerich:42,252,345,693,744,763; druck_1701:27,223,307,531,582,602	
1 Kor 1	1 Korinther	1	19	0.9	Corinth. 1. (4) | Corinth.1. (3) | zun Corinth. am 1. Cap. (3) | zun Corinth. 1. (2) | Chrin 1 (1) | Cornithios. i. (1)	a_v_1446_ruemlang:49; a_v_1447_schlussredaktion:326; druck_1528:418; druck_1528_04:32; druck_1608_bern:40,115,233,418,482,544; druck_1608_zuerich:42,117,235,420,484,546; druck_1701:485	
1 Petr 1	1 Petrus	1	19	0.889	"Petr. 1. (4) | petri am 1 cap (2) | Petri am 1. (2) | Petri. 1. (2) | petri 1 (1) | petri
am 1 cap (1)"	a_v_1447_schlussredaktion:25,247,404,476; druck_1528:23; druck_1608_bern:40,170,218,483; druck_1608_zuerich:42,172,220,292,485; druck_1701:193,258,432,521,583	
Gal 3	Galater	3	19	0.857	"Gal. 3. (6) | zun Galath. 3. (2) | zun Galathern
am 3. Cap. (2) | zun
Galathern am 3. Cap. (2) | zun
Galathern am 3. (2) | zun Galathern am 3. (2)"	a_v_1446_ruemlang:35; druck_1608_bern:289,298,369,551; druck_1608_zuerich:291,300,371,553,714,725,791; druck_1701:258,265,331,492,551,562,631	
Röm 12	Römer	12	19	0.909	"zun Roͤmern am 12. (4) | zun Römern 12. (3) | Rom. 12. (3) | zun
Roͤmern am 12. (2) | Romanos am xii (1) | zum Roͤm. am 12. (1)"	a_v_1447_schlussredaktion:338; druck_1608_bern:414,441,531,553; druck_1608_zuerich:416,443,533,555,696,744; druck_1701:217,371,375,387,396,474,494,582	
Röm 5	Römer	5	19	0.909	Rom. 5. (7) | zun Römern am v. (3) | zun Roͤmern am 5. capit. (2) | zun Roͤmern am 5. (2) | Romanos. v. (1) | zun Roͤmern am v. cap. (1)	a_v_1447_schlussredaktion:694; druck_1528:163,453; druck_1528_04:194,264,329; druck_1608_bern:193,263; druck_1608_zuerich:195,265,598,701,744,790; druck_1701:233,467,540,582,630	
1 Kor 12	1 Korinther	12	18	0.875	"zun Corinth. 12. (3) | zun
Corinth. am 12. (2) | Corinth. 12. (2) | Corin. xii. (1) | Corint. xii.
cap. (1) | zun Corint.am 12. cap. (1)"	a_v_1447_schlussredaktion:633; druck_1528:133; druck_1608_bern:125,137,158,159,161,467,469; druck_1608_zuerich:127,139,160,161,163,469,471; druck_1701:138,420	
Joh 14	Johannes	14	18	0.857	Johannis am 14. (6) | Johannis am 14. Capitel (3) | Johannis am 14. Capit. (2) | Johannis am 14. cap. (2) | Johannis am xiiii. (1) | Ioan. am 14. (1)	a_v_1447_schlussredaktion:284; druck_1608_bern:338,339,462,463,502; druck_1608_zuerich:215,340,341,464,465,504,719; druck_1701:302,413,414,446,448	
Joh 5	Johannes	5	18	0.857	Johannis 5. (5) | Johannis am 5. Cap. (4) | Johannis v. (2) | Johannis am 5. Capitel (2) | fohannis. v. (1) | hannis am v. Capitel (1)	a_v_1447_schlussredaktion:695; druck_1528:330,454,459; druck_1528_04:518,521; druck_1608_bern:497,521,523,529; druck_1608_zuerich:499,523,525,531; druck_1701:444,466,468,472	
1 Kor 6	1 Korinther	6	17	0.875	"Corinth. 6. (6) | zun Corinth. 6. (3) | Corinth. am 6. (3) | zun Corinth. am 6. (2) | Corinth.
6. (2) | Corinther am 6. (1)"	druck_1608_bern:223,238,484,504,530,557; druck_1608_zuerich:225,240,486,506,532,559,620; druck_1701:197,211,433,473	
1 Tim 2	1 Timotheus	2	17	0.857	zun Timoth. am 2. (3) | zun Timotheo 2. (2) | zun Timoth.am 2.cap. (2) | Timoth. 2. (2) | motheo ii (1) | zum Timotheo 2. cap. (1)	a_v_1447_schlussredaktion:239; druck_1608_bern:122,164,193,463,481; druck_1608_zuerich:124,166,195,465,483; druck_1701:55,142,170,176,414,430	
Röm 13	Römer	13	17	0.909	zun Roͤmern am 13.cap. (5) | Rom. 13. (3) | Romern 13. (2) | zun Römern am 13. Cap. (2) | zum Romern am xiii cap (1) | Romern xiii. (1)	a_v_1447_schlussredaktion:261,593; druck_1608_bern:157,180,181,435; druck_1608_zuerich:159,182,183,437,639,826; druck_1701:157,158,390,667	
Joh 17	Johannes	17	16	0.875	"Johannis am 17. Capitel. (3) | Johannis am 17. Capit. (3) | Johannis
am 17. capitel. (2) | Johannis am 17. (2) | Johannis 17. Cap. (2) | Johannes am xvii (1)"	a_v_1447_schlussredaktion:246,549,639; druck_1608_bern:257,382,397,475; druck_1608_zuerich:259,384,399,477; druck_1701:343,356,425	
Mt 10	Matthäus	10	16	0.889	"Matth. 10. (6) | Matth. 10. cap. (2) | Matth.
10. (2) | Matthei x. (1) | Matthei am x (1) | Matth.x.cap. (1)"	druck_1528:167,211; druck_1528_04:62,232; druck_1608_bern:66,197,231; druck_1608_zuerich:68,199,233,696,748; druck_1701:174,205,534,587	
Mt 23	Matthäus	23	16	0.889	"Matth. am 23. (5) | Matth. 23. (5) | Mathei. xxiii. (2) | Mathei am xxiii. (1) | Matth 23. (1) | Matth. am
23. (1)"	a_v_1447_schlussredaktion:316,320,602; druck_1608_bern:189,229,231; druck_1608_zuerich:191,231,233,746,778; druck_1701:166,203,205,584,617	
Hebr 13	Hebräer	13	15	0.857	"zun Hebreern am 13. (3) | zun
Hebr. 13. cap. (2) | breeren am 13. capitel (2) | zun
Hebreern am 13. (2) | Febreos. xiii. (1) | Hebreern am 13. Cap. (1)"	a_v_1447_schlussredaktion:572; druck_1608_bern:161,170,414; druck_1608_zuerich:163,172,416; druck_1701:139,148,371,662	
Jes 19	Jesaja	19	15	1.0	Eſaia am 19. (3) | Esaie am 19. (2) | Eſa. am 19. (2) | Eſaie am xix. (1) | Eſaia am xix. (1) | Eſa. am xix. (1)	druck_1528:360,478,479; druck_1528_04:416,549,551; druck_1608_bern:414,552,553; druck_1608_zuerich:416,554,555; druck_1701:371,493,494	
Mt 7	Matthäus	7	15	0.857	"Matth. 7. (3) | Matthei 7. (2) | Matth. am 7.
cap. (2) | Matth. am 7. (2) | Matthri 7. (1) | Mathei
am vii cap (1)"	a_v_1443_hertwig:7; a_v_1447_schlussredaktion:467; druck_1608_bern:35,239,339; druck_1608_zuerich:37,241,341,692; druck_1701:23,212,303,531,551,585	
Spr 9	Sprüche	9	15	0.857	"Prouerbiorum am 9. (4) | Prouerb. 9. (2) | Prouerbiorum
9. (2) | Prouerbiorum am ix. (1) | uerbiorum am ix. (1) | Prouerbio.ix. (1)"	druck_1528:367; druck_1528_04:424,425,427; druck_1608_bern:422,423,425; druck_1608_zuerich:424,425,427; druck_1701:378,381	
Mt 12	Matthäus	12	14	1.0	"Matthei am 12. (5) | Matth.
am 12. capit. (2) | Matth. am 12. (2) | Matth. 12. (2) | Matthei 12 (1) | Mathei vvii (1)"	a_v_1443_hertwig:33; a_v_1447_schlussredaktion:214; druck_1608_bern:237,504,521,523; druck_1608_zuerich:239,506,523,525; druck_1701:210,450,466,468	
Mt 4	Matthäus	4	14	0.889	"Matth. am 4. (3) | Matth.
4.cap. (2) | Matth.am 4. cap. (1) | Matthei am
4.capitel (1) | Matth. am 4. cap. (1) | Matthei am
4. capitel (1)"	druck_1608_bern:147,152,224; druck_1608_zuerich:149,154,226,692; druck_1701:127,131,199,530	
Röm 3	Römer	3	14	0.909	Rom. 3. (8) | zun Roͤmern am 3. (6)	druck_1608_bern:241,242; druck_1608_zuerich:243,244,725,739,740,789; druck_1701:214,562,577,578,628	
Tit 1	Titus	1	14	0.857	"Tit. 1. (4) | Titum. 1. (3) | Titum 1. Cap. (2) | zum
Titum 1. (2) | zum Tito am I. Capitel. (1) | Titum I. Cap. (1)"	druck_1608_bern:538,545,547; druck_1608_zuerich:540,547,549,776,811; druck_1701:142,479,486,582,615,652	
1 Kor 13	1 Korinther	13	13	0.875	"Corinth. 13. (3) | zun Corinth. 13. cap. (2) | zun Corinth.
am 13. Capitel (2) | Cornithios xiii (1) | Cornithios xiii. (1) | Corinth. 13. Capit. (1)"	a_v_1447_schlussredaktion:636,637; druck_1608_bern:160,309,472,473; druck_1608_zuerich:162,311,475; druck_1701:96,276,422,423	
Gen 17	Genesis	17	13	0.857	"Geneſis am
17. (3) | Geneſis am 17. Capitel (3) | Geneſis
17. capit. (2) | Geneſis am 17. Cap. (2) | genusis am xvii cap. (1) | Gen. am 17. Capitel (1)"	a_v_1447_schlussredaktion:500; druck_1608_bern:351,353,356,361; druck_1608_zuerich:353,355,358,363; druck_1701:314,316,319,323	
Hebr 7	Hebräer	7	13	0.923	"Hebreern am 7. (8) | zun Hebreern am
7. (2) | breern am 7. (2) | Hebreos. vii. (1)"	a_v_1447_schlussredaktion:604; druck_1608_bern:414,415,418,445; druck_1608_zuerich:416,417,420,447; druck_1701:372,375,399	
Lk 8	Lukas	8	13	1.0	"Luc. am 8. Cap. (3) | Luce am
8. Cap. (2) | Luce am 8. Cap. (2) | Luce am 8.
Capitel (2) | Luc. 8. (2) | Luce
am viii cap (1)"	a_v_1447_schlussredaktion:433; druck_1608_bern:196,297,313; druck_1608_zuerich:198,299,315; druck_1701:172,265,279	
Röm 14	Römer	14	13	0.909	"Rom. 14. (3) | zun Röm. 14. (2) | zun Roͤmern
14. (2) | zum Romern
am xiiii. (1) | zum Roͤmern am 14. (1) | zun Roͤmern am 14. (1)"	a_v_1447_schlussredaktion:315; druck_1608_bern:223,226,366,506; druck_1608_zuerich:225,228,368,508; druck_1701:197,200,328,452	
Spr 1	Sprüche	1	13	1.0	"Spruch 1. (4) | Spruch I. (4) | Spruch
1. (2) | Spruch. 1. (2) | spruch 1 (1)"	a_v_1447_schlussredaktion:476; druck_1608_bern:227,250,550,552; druck_1608_zuerich:229,252,552,554; druck_1701:201,222,491,492	
1 Kor 7	1 Korinther	7	12	0.875	Corinth. 7. (7) | zun Corinth. am 7. (2) | Cornithios. vii. (1) | zum Corinth. am 7. (1) | Corinther am 7. (1)	a_v_1447_schlussredaktion:715; druck_1608_bern:223,538,545,554; druck_1608_zuerich:225,540,547,556; druck_1701:479,495	
Apg 13	Apostelgeschichte	13	12	0.857	"Actorum am 13. Capitel. (2) | Actorum
am 13. (2) | Actorum 13. (2) | Act. 13. (2) | Actorum xiii. (1) | Actorum am 13. (1)"	a_v_1447_schlussredaktion:594; druck_1608_bern:436,438,448; druck_1608_zuerich:438,440,450,738; druck_1701:390,391,402,576	
Gen 14	Genesis	14	12	1.0	"Geneſis am 14. (4) | Geneſis 14. (3) | Genesis 14. (2) | Geneſis
am 14. Capit. (1) | Genesis
am 14. Capit. (1) | Geneſis am 14. Capitel (1)"	druck_1608_bern:415,421,422; druck_1608_zuerich:417,423,424; druck_1701:372,377,379	
Jer 31	Jeremia	31	12	0.857	Jheremiam 31. Cap. (2) | Hieremie am 31. Capitel (2) | Hieremie. am 31. (2) | Hierimie am 31. (2) | Hieremie am 31. (2) | Jeremie. xxxi. (1)	druck_1528:203; druck_1608_bern:286,357,505,507; druck_1608_zuerich:288,359,507,509; druck_1701:320,451,453	
Joh 1	Johannes	1	12	0.875	"Johannes. 1. Capit. (2) | Johannis 1 (1) | fohannis. 1. (1) | Johannes am
1 cap (1) | Johannis 1. cap. (1) | Johannis 1.cap. (1)"	a_v_1443_hertwig:36; a_v_1447_schlussredaktion:277,427; druck_1608_bern:290,508; druck_1608_zuerich:292,510,688; druck_1701:35,166,258,454	
Lk 9	Lukas	9	12	1.0	Luce 9. (4) | Luce. ix. (3) | Luce am 9. (2) | Luce am ix. cap. (1) | Luce ix. (1) | Luc. 9. (1)	druck_1528:295,476; druck_1528_04:341,544,546; druck_1608_bern:339,549; druck_1608_zuerich:341,551; druck_1701:303,487,490	
Mt 26	Matthäus	26	12	1.0	Matthei am 26. Cap. (6) | Matthei am 26. Capitel. (2) | Matth. am 26. (2) | Matthei am 26. Capit. (1) | Matthei am 26. (1)	druck_1608_bern:282,387,397,459; druck_1608_zuerich:284,389,399,461; druck_1701:251,347,356,411	
1 Tim 1	1 Timotheus	1	11	0.857	zun Timotheo 1. (2) | motheo 1 (1) | Timoth.1.cap. (1) | Timoth. 1. capit. (1) | Timoth. 1. cap. (1) | Timoth.1.capit. (1)	a_v_1447_schlussredaktion:259; druck_1608_bern:85,86,179; druck_1608_zuerich:87,88,181,713; druck_1701:68,69,156	
Joh 10	Johannes	10	11	0.857	"Johannis am
10. Capitel (2) | Johannis 10 (1) | Johanne vv (1) | Johannis vv (1) | hannis am
x. (1) | Johannis. x. (1)"	a_v_1443_hertwig:13; a_v_1447_schlussredaktion:59,308; druck_1528:166,187; druck_1528_04:236,380; druck_1608_bern:378; druck_1608_zuerich:380; druck_1701:339	
Joh 2	Johannes	2	11	0.875	"Johannis 2. (4) | Johannis. ii. (1) | Johannis. ii. capit (1) | Johannis am 2. (1) | Johannis am 2. Cap. (1) | Johannis
am 2. Capitel. (1)"	a_v_1447_schlussredaktion:646,658; druck_1608_bern:471,481; druck_1608_zuerich:473,483; druck_1701:216,421,430,438,440	
Mt 6	Matthäus	6	11	0.889	Matth. am 6. (5) | Matth. 6. cap. (2) | Matth.am 6.Cap. (1) | Matth.am 6. Cap. (1) | Matt. am 6. (1) | Matth. 6 (1)	druck_1608_bern:45,246,465; druck_1608_zuerich:47,248,467,746; druck_1701:218,416,551,584	
Röm 1	Römer	1	11	0.909	zun Roͤmern.1.cap. (2) | zun Roͤmern am 1. (2) | Rom. 1. (2) | Romanos.i. (1) | zum Romern am 1 (1) | Romanos. i. (1)	a_v_1447_schlussredaktion:329,462,708; druck_1608_bern:236; druck_1608_zuerich:238,252,728; druck_1701:209,223,474,565	
Röm 6	Römer	6	11	0.909	Rom. 6. (5) | zun Römern am 6. Cap. (3) | zun Römern. 6. Cap. (1) | Römern. 6. Cap. (1) | zun Römern am 6. Capitel (1)	druck_1608_bern:289,429; druck_1608_zuerich:291,431,737,746,817; druck_1701:257,384,584,657	
1 Kor 11	1 Korinther	11	10	1.0	"zun Corinth.
am 11. Capit. (4) | zun Corinth. 11. Capitel (2) | Corinth. am 11. Capit. (2) | Corinth. 11. (2)"	druck_1608_bern:280,347,363,386,428; druck_1608_zuerich:282,349,365,388,430	
Apg 1	Apostelgeschichte	1	10	0.857	Act. 1. cap. (2) | Actuum am 1. (2) | Actorum. 1. (2) | Act. I. Cap. (1) | Actuum am I. (1) | Actorum am 1. (1)	druck_1608_bern:66,192,499; druck_1608_zuerich:68,194,501; druck_1701:53,169,332,445	
Apg 17	Apostelgeschichte	17	10	0.857	"Act. 17. (4) | Act.17.cap. (2) | Actuum am 17. (2) | Actorum 17. (1) | Actuum am
17. (1)"	druck_1608_bern:128,203; druck_1608_zuerich:130,205,608,692,696; druck_1701:179,530,534	
Apg 9	Apostelgeschichte	9	10	0.857	Actorum am 9. Capitel (3) | Actorum am 9. Cap. (2) | actoru ix (1) | Actorum am ix. cap. (1) | Actozum am ix. cap. (1) | Actorum am ix.capitel. (1)	a_v_1447_schlussredaktion:546; druck_1528:341,343; druck_1528_04:394,396; druck_1608_bern:392,394; druck_1608_zuerich:394,396; druck_1701:354	
Dan 4	Daniel	4	10	1.0	Danielis am 4. (9) | Danielis iiii (1)	a_v_1447_schlussredaktion:334; druck_1608_bern:241,481,482; druck_1608_zuerich:243,483,484; druck_1701:213,430,431	
Dan 9	Daniel	9	10	0.857	Danielem am 9. (3) | Danielis am ix. (2) | Danielem am ix. (2) | Danielis am 9. (2) | Danielis viiii. (1)	a_v_1447_schlussredaktion:602; druck_1528:386; druck_1528_04:444; druck_1608_bern:444; druck_1608_zuerich:446; druck_1701:398	
Dtn 4	Deuteronomium	4	10	0.87	"Deutronomij am 4.
Capit. (2) | Deutronomij am 4. (2) | Deutronomij 4. (2) | Oeutronomij. iiii. (1) | Deut.
am 4. Cap. (1) | Deut. am 4. (1)"	a_v_1447_schlussredaktion:711; druck_1608_bern:530,534,535; druck_1608_zuerich:532,536,537; druck_1701:473,477,478	
Jes 29	Jesaja	29	10	1.0	"Eſaie am 29. (3) | Eſaje am 29. (2) | Eſaie
am xxix. (1) | Eſaie am xxix. (1) | Esaie.xxix. (1) | Eſaie.
am xxix. (1)"	druck_1528:161,185; druck_1528_04:191,218; druck_1608_bern:190,216; druck_1608_zuerich:192,218; druck_1701:167,191	
Joh 21	Johannes	21	10	0.875	Johannis am 21. Capitel. (3) | Johanne am 21. cap. (2) | Johannis am 21. (1) | Johannes 21 (1) | Johannis am 21. Capitel (1) | Johanne am 21. Cap. (1)	a_v_1443_hertwig:44,55; druck_1608_bern:62,501; druck_1608_zuerich:64,503; druck_1701:40,48,125,447	
Lk 1	Lukas	1	10	1.0	Luc. 1. (3) | Luce 1. (2) | Luc. am 1. (1) | Luc.am 1. (1) | Luc. am I. (1) | Lucas am 1. Cap. (1)	druck_1608_bern:199,489; druck_1608_zuerich:201,491,688,709; druck_1701:176,229,437,526	
Lk 2	Lukas	2	10	0.889	"Luce am 2. Cap. (3) | Luc.am 2. (2) | Luca
am ii cap. (1) | Lucas ii cap (1) | Luce am 2. (1) | Luce am 2. Capitel (1)"	a_v_1447_schlussredaktion:511,542; druck_1608_bern:192,490; druck_1608_zuerich:194,492; druck_1701:168,339,350,438	
Lk 24	Lukas	24	10	1.0	Luc. 24. (5) | Luce am 24. (3) | Luce. 24. (1) | Luce 24. (1)	druck_1608_bern:460; druck_1608_zuerich:462,596,718,731,734; druck_1701:412,555,568,572	
Eph 3	Epheser	3	9	0.857	zun Epheſern am 3. Capit. (2) | Ephe 3. (1) | zun Epheſ. am 3. capit. (1) | zun Epheſ.am 3.capit. (1) | Epheſeren am 3.capitel (1) | zun Eph. am 3. Cap. (1)	a_v_1445_schoeni:16; druck_1608_bern:172,339; druck_1608_zuerich:174,341,771; druck_1701:150,303,610	
Ex 24	Exodus	24	9	1.0	"Exodi am 24. Capit. (4) | Exod. 24. (3) | Exodi am
24. Capitel (1) | Exodi am 24. Cap. (1)"	druck_1608_bern:224,345,346; druck_1608_zuerich:226,347,348; druck_1701:199,309	
Jes 63	Jesaja	63	9	0.909	Eſaias am 63. (3) | Eſaie 63. (2) | Eſaiam 63. cap. (1) | Esaiam 63. cap. (1) | Eſaiam am 63. Cap. (1) | Eſaie am 63. (1)	druck_1608_bern:235,409,477; druck_1608_zuerich:237,411,479; druck_1701:209,366,427	
Lk 12	Lukas	12	9	1.0	Luce 12. (2) | Luc. 12. (2) | Luc 12. (1) | Luce xii. (1) | Luce am 12. Cap. (1) | Luce am 12. (1)	a_v_1446_ruemlang:505; a_v_1447_schlussredaktion:744; druck_1608_bern:561; druck_1608_zuerich:563,771; druck_1701:462,500,610,613	
Mt 3	Matthäus	3	9	0.889	"Matth. 3. (3) | Mathei iii (2) | Matthei am
3. Cap. (2) | matt 3. (1) | Matthei am 3.
Cap. (1)"	a_v_1446_ruemlang:503,504; a_v_1447_schlussredaktion:211,219; druck_1608_bern:297; druck_1608_zuerich:299,688; druck_1701:264,526	
Spr 44	Sprüche	44	9	1.0	Spruch vil (6) | ſpruch vil (2) | spruch vil (1)	druck_1528:449; druck_1528_04:289,515; druck_1608_bern:288,517; druck_1608_zuerich:290,519; druck_1701:256,462	
Tit 2	Titus	2	9	0.857	Zum Tito 2. (4) | Tit. 2. (3) | Titum. ii. (1) | zum Tito am 2. (1)	a_v_1447_schlussredaktion:329; druck_1608_bern:235,236; druck_1608_zuerich:237,238,744,747; druck_1701:209,585	
1 Petr 2	1 Petrus	2	8	0.889	Petr. 2. (6) | Petri 2 Cap (1) | Petri am 2. Cap. (1)	a_v_1443_hertwig:54; druck_1608_bern:225,244; druck_1608_zuerich:227,246; druck_1701:413,538,608	
1 Thess 5	1 Thessalonicher	5	8	0.867	"Theſſalon. 5. (2) | Theſſalonichern
am 5. (2) | Theſſalo. v. (1) | Theſſal. v. (1) | Teſſalonichern. v. (1) | Theſſal. am 5. (1)"	druck_1528:444; druck_1528_04:510; druck_1608_bern:512,513; druck_1608_zuerich:514,515; druck_1701:458	
Apg 10	Apostelgeschichte	10	8	0.857	"Actuum am 10. (3) | Actuum am
x. (1) | Actorum.vv.capit. (1) | Act.10. (1) | Acta.
X (1) | Act. 10. (1)"	a_v_1447_schlussredaktion:332; druck_1528:48; druck_1608_bern:239; druck_1608_zuerich:241,748; druck_1701:181,212,586	
Dan 12	Daniel	12	8	0.857	Danielis am 12. (7) | nielis am xii. (1)	a_v_1447_schlussredaktion:601; druck_1608_bern:443,447; druck_1608_zuerich:445,449; druck_1701:396,397,401	
Ez 37	Ezechiel	37	8	0.889	Ezech. 37. (3) | Ezechielis am 37. Cap (2) | Ezechielig 37 (1) | Ezechi. 37. (1) | Ezechielis am 37. Capitel. (1)	a_v_1443_hertwig:11; a_v_1444_cyro:12; druck_1608_bern:39,47; druck_1608_zuerich:41,49; druck_1701:26,34	
Num 20	Numeri	20	8	1.0	"Num. 20. (3) | Numeri xx. (2) | Numeri 20. (2) | Num.
20. (1)"	druck_1528:455; druck_1528_04:522; druck_1608_bern:37,524; druck_1608_zuerich:39,526; druck_1701:25,469	
Phil 3	Philipper	3	8	0.88	"Philippern am
3. (2) | zun Philip.3.cap. (2) | Philippenses. iii. (1) | Philippern am 3. (1) | zun Philippensern am
3. (1) | Philip. 3. (1)"	a_v_1447_schlussredaktion:329; druck_1608_bern:200,236; druck_1608_zuerich:202,238; druck_1701:176,382,601	
Ps 50	Psalmen	50	8	1.0	Psalmo. 50. (2) | Psalmo. l. (1) | Pſalmo. l. (1) | Pſalmo.l. (1) | Pſal 50. (1) | Pſalm 50. (1)	a_v_1447_schlussredaktion:572; druck_1528:360; druck_1528_04:416; druck_1608_bern:414; druck_1608_zuerich:416,692; druck_1701:371,531	
1 Kor 3	1 Korinther	3	7	0.875	zun Corinth. 3. cap. (2) | Corinth. am 3. (2) | Corinth. 3. (2) | Corinther am 3. Capit. (1)	druck_1608_bern:75,250,551; druck_1608_zuerich:77,252,553; druck_1701:455	
1 Thess 2	1 Thessalonicher	2	7	0.875	"Theſſal. 2. (3) | Theſſal. 2.
Cap. (1) | Theſſal.
2. (1) | zun Theſſalon. am 2. cap (1) | Theſſal. 2. Cap. (1)"	druck_1608_bern:204; druck_1608_zuerich:206,680,720,755; druck_1701:180,518	
Apg 20	Apostelgeschichte	20	7	0.857	"Act.am 20.capit. (2) | Actorum am xx.
capitel (1) | Actorum am xx capitel (1) | Actorum. 20. (1) | Act.
am 20. Cap. (1) | Actorum am 20. Cap. (1)"	druck_1528_04:134,450; druck_1608_bern:133; druck_1608_zuerich:135,608; druck_1701:113,403	
Gal 1	Galater	1	7	0.933	zun Galat.am 1. (2) | zun Galatern 1. (2) | Galathas. i. (1) | zun Galat. am I. (1) | zun Galatern am I. (1)	a_v_1447_schlussredaktion:612; druck_1608_bern:193,454; druck_1608_zuerich:195,456; druck_1701:169,407	
Gal 6	Galater	6	7	0.875	"zun Galatern am
6. (2) | galats
6 (1) | zun Galathern am 6. Capit. (1) | zun Galatheru am 6. Capit. (1) | zun Galatern am
6. Cap. (1) | zun Galat.
am 6. Cap. (1)"	a_v_1447_schlussredaktion:403; druck_1608_bern:144,309; druck_1608_zuerich:146,311; druck_1701:123,276	
Gen 28	Genesis	28	7	1.0	Geneſis am 28. (5) | Genesis. xxviii. (1) | Genesis am 28. (1)	a_v_1447_schlussredaktion:656; druck_1608_bern:491,493; druck_1608_zuerich:493,495; druck_1701:439,441	
Jes 7	Jesaja	7	7	1.0	"Esaie am vii cap (1) | Eſaie am 7. capit. (1) | Eſaie
am 7. cap. (1) | Esaie am 7. capit. (1) | Eſaie
am 7.cap. (1) | Eſaje am 7. Cap. (1)"	a_v_1447_schlussredaktion:362; druck_1608_bern:199,262; druck_1608_zuerich:201,264; druck_1701:175,232	
Mt 28	Matthäus	28	7	0.889	Matthei am 28. Cap. (2) | Matt. 28. (2) | Matth. 28. (1) | Math. 28. (1) | Matth. am 28. Cap. (1)	druck_1608_bern:292; druck_1608_zuerich:294,688,772; druck_1701:260,526,611	
Phil 2	Philipper	2	7	0.88	"zun Philip. am 2.
cap. (1) | zun Philippensern am 2. Cap. (1) | zun Philip.am 2.
cap. (1) | zun Philippenſern am 2. Cap. (1) | Philip. 2. (1) | zun
Philip. am 2. Cap. (1)"	druck_1608_bern:172,310; druck_1608_zuerich:174,312,714; druck_1701:150,277	
Spr 5	Sprüche	5	7	1.0	"Spruch
am v. (1) | ſpruch v (1) | spruch am v. (1) | ſpruch
v. capitel (1) | Spruch am 5.cap. (1) | Spruch am 5. cap. (1)"	a_v_1447_schlussredaktion:310; druck_1528:74,189; druck_1528_04:222; druck_1608_bern:221; druck_1608_zuerich:223; druck_1701:195	
1 Petr 3	1 Petrus	3	6	1.0	Petri 3. (2) | Petri 3. Cap. (2) | Petri am 3. (2)	druck_1608_bern:289,502; druck_1608_zuerich:291,504; druck_1701:257,449	
1 Petr 5	1 Petrus	5	6	1.0	"Petri am 5.cap. (2) | petri am v cap (1) | Petri am
v.cap. (1) | Petri. 5. (1) | Petri am 5. Cap. (1)"	a_v_1447_schlussredaktion:221; druck_1528_04:155; druck_1608_bern:154; druck_1608_zuerich:156,648; druck_1701:133	
Apg 4	Apostelgeschichte	4	6	0.857	Act. 4. (3) | Act.am 4. cap. (1) | Act. am 4. cap. (1) | Act. am 4. Cap. (1)	druck_1608_bern:235; druck_1608_zuerich:237,721; druck_1701:208,559	
Dan 44	Daniel	44	6	0.857	Dann vil (4) | dann vil (2)	druck_1528:226; druck_1608_bern:262; druck_1608_zuerich:264,265,585; druck_1701:232	
Ex 20	Exodus	20	6	1.0	Exodi am 20. (2) | Exod. 20. (2) | Exodi am xx. (1) | EXodi am 20. (1)	druck_1528:482; druck_1608_bern:557; druck_1608_zuerich:559,687; druck_1701:497,525	
Gal 2	Galater	2	6	0.857	Gal. 2. (5) | Galat. 2. (1)	druck_1608_zuerich:742,743,756; druck_1701:580,594	
Gal 4	Galater	4	6	0.857	Galatern am 4. (3) | zun Gal. am 4. (3)	druck_1608_bern:201; druck_1608_zuerich:203; druck_1701:177	
Gen 49	Genesis	49	6	1.0	Geneſis am 49. (3) | Gen. 49. (2) | Geneſis am xlix. (1)	druck_1528:455; druck_1608_bern:524; druck_1608_zuerich:526,727; druck_1701:468,564	
Jer 5	Jeremia	5	6	0.857	"Hieremie am 5. (2) | teremie v. (1) | Hieremie am v. (1) | Hieremie
am v. (1) | Jeremie am 5. (1)"	a_v_1447_schlussredaktion:615; druck_1528:397; druck_1528_04:456; druck_1608_bern:456; druck_1608_zuerich:458; druck_1701:409	
Jes 40	Jesaja	40	6	0.857	Eſaie. xl. Capitel (1) | Eſaie xl. capitel (1) | Eſaie 40.cap. (1) | Eſaie 40. cap. (1) | Eſaie 40. Cap. (1) | Jeſa. 40. (1)	druck_1528:203; druck_1528_04:238; druck_1608_bern:236; druck_1608_zuerich:238; druck_1701:210,527	
Jes 43	Jesaja	43	6	1.0	Eſaie 43. cap. (2) | Eſaia am 43. Cap. (2) | Esaie xliii (1) | Esaia am 43. Capit. (1)	a_v_1447_schlussredaktion:64; druck_1608_bern:62,509; druck_1608_zuerich:64,511; druck_1701:454	
Joh 4	Johannes	4	6	0.857	"Johannis am
4. Capitel. (2) | Johannis am 4. Cap. (1) | Johannis
am 4. (1) | hannis am 4. Capitel. (1) | Johannis am 4.
Cap. (1)"	druck_1608_bern:408; druck_1608_zuerich:410; druck_1701:121,168,366,441	
Mk 16	Markus	16	6	0.857	"Marci 16. Capitel. (2) | Marci am xvi cap (1) | Mar. 16. (1) | Marci am 16. Cap. (1) | Marc.
16. (1)"	a_v_1447_schlussredaktion:468; druck_1608_bern:340; druck_1608_zuerich:342,734; druck_1701:304,572	
Mt 2	Matthäus	2	6	1.0	Matthei am 2. (3) | Matth. am 2. (2) | Matthei am 2. Cap. (1)	druck_1608_bern:550,552; druck_1608_zuerich:552,554; druck_1701:491,493	
Mt 20	Matthäus	20	6	1.0	"Matth. am 20. (3) | Mathei am xx (1) | Matth.
am xx. (1) | Matth. am xx. (1)"	a_v_1447_schlussredaktion:357; druck_1528:216; druck_1528_04:251; druck_1608_bern:250; druck_1608_zuerich:252; druck_1701:222	
Num 16	Numeri	16	6	1.0	Numeri 16. (4) | Numeri am 16. (2)	druck_1608_bern:453,454; druck_1608_zuerich:455,456; druck_1701:406,407	
Phil 1	Philipper	1	6	1.0	Philip. am 1. cap. (2) | Philip. am 1. (2) | Philip. am 1. Cap. (1) | Philip am I. (1)	druck_1608_bern:225,244; druck_1608_zuerich:227,246; druck_1701:199,216	
Röm 2	Römer	2	6	0.909	"zun Römern am 2. (3) | Romanos
ii. (1) | zun Roͤmern am 2. Cap. (1) | zun Römern am 2. Cap. (1)"	a_v_1447_schlussredaktion:679; druck_1608_bern:508; druck_1608_zuerich:510; druck_1701:223,256,454	
Röm 4	Römer	4	6	0.909	Rom. 4. (3) | Romern am iiii. (1) | zun Römern am 4. (1) | Rom 4. (1)	a_v_1447_schlussredaktion:335; druck_1608_zuerich:720,740; druck_1701:229,558,578	
1 Kor 15	1 Korinther	15	5	1.0	"zun Corint. am
xv. cap. (1) | zun Corinth.
am xv. (1) | zun Corinth.
am 15.cap. (1) | zum Corinth.
am 15.cap. (1) | zun Corinth. am 15. Cap. (1)"	druck_1528:340; druck_1528_04:393; druck_1608_bern:60; druck_1608_zuerich:62; druck_1701:351	
1 Kor 2	1 Korinther	2	5	1.0	"Corinth. 2. cap. (2) | zun Corinth. am 2. (2) | zun Corinth.
am 2. (1)"	druck_1608_bern:120,189; druck_1608_zuerich:122,191; druck_1701:166	
1 Kor 9	1 Korinther	9	5	1.0	Corinth 9. (2) | Corinth. 9. (2) | Corinth. ix. (1)	druck_1528_04:509; druck_1608_bern:511; druck_1608_zuerich:513,779; druck_1701:618	
1 Sam 19	1 Samuel	19	5	0.857	Reg. 19. (5)	druck_1608_bern:224; druck_1608_zuerich:226,760; druck_1701:199,598	
Apg 18	Apostelgeschichte	18	5	0.857	Actorum. 18. (2) | Act. 18. (2) | Act. am 18. (1)	druck_1608_bern:550; druck_1608_zuerich:552,744; druck_1701:491,582	
Ex 25	Exodus	25	5	1.0	"Exodi am 25. (2) | Exodi am xxv. (1) | Exodi am xxv capit. (1) | Exod. am
25. (1)"	druck_1528:461; druck_1528_04:528; druck_1608_bern:531; druck_1608_zuerich:533; druck_1701:474	
Ex 29	Exodus	29	5	1.0	Exodi am 29. (3) | Exodi. am xxix. (1) | Exod.xxix. (1)	druck_1528:374; druck_1528_04:431; druck_1608_bern:430; druck_1608_zuerich:432; druck_1701:385	
Gen 3	Genesis	3	5	1.0	Geneſis am 3. Capit. (2) | Gen. 3. (2) | Geneſis am 3. Capitel. (1)	druck_1608_bern:396; druck_1608_zuerich:398,727; druck_1701:355,564	
Jes 53	Jesaja	53	5	0.857	Eſaie 53. (2) | Eſaie am 53. (1) | Jeſa. 53. (1) | Jesa. 53. (1)	druck_1608_bern:418; druck_1608_zuerich:420; druck_1701:375,551,575	
Jes 64	Jesaja	64	5	1.0	"Eſaie am 64. Cap. (3) | Esaie
64. (1) | Eſa. 64. (1)"	druck_1528_04:499; druck_1608_bern:502; druck_1608_zuerich:504; druck_1701:448,587	
Joel 2	Joel	2	5	0.889	Johel. 2. Capit. (2) | Joel am 2. cap. (1) | Johel am 2. Cap. (1) | Joel am 2. Capitel. (1)	druck_1608_bern:521; druck_1608_zuerich:523,810; druck_1701:465,650	
Joh 3	Johannes	3	5	0.875	"Johannis am 3.
cap. (2) | Johannis am 3. (2) | Johannis am 3. Cap. (1)"	druck_1608_bern:350,496; druck_1608_zuerich:352,498; druck_1701:313	
Mt 11	Matthäus	11	5	0.889	Matthei am 11. (2) | Matt. 11. (2) | Matth. 11. (1)	druck_1608_bern:463; druck_1608_zuerich:465,693; druck_1701:531,550	
Mt 9	Matthäus	9	5	0.889	Matthei am ix. (2) | Matt.am 9. (2) | Matthei am 9. (1)	druck_1528:162; druck_1528_04:193; druck_1608_bern:192; druck_1608_zuerich:194; druck_1701:168	
Ps 109	Psalmen	109	5	1.0	Psalmo. 109. (2) | Psalmo.cix. (1) | Pſalmo.cix. (1) | Pſalmo 109. (1)	druck_1528:361; druck_1528_04:417; druck_1608_bern:414; druck_1608_zuerich:416; druck_1701:372	
Ps 18	Psalmen	18	5	1.0	"Pſalm. 18. (2) | Pſal.
18. (2) | Pſalm 18. (1)"	druck_1608_bern:464,525; druck_1608_zuerich:466,527; druck_1701:469	
Ps 49	Psalmen	49	5	1.0	"Pſalmo. 49. (2) | Pſalmo.
xlix. (1) | Pſalmo. xlix. (1) | Psalm 49. (1)"	druck_1528:476; druck_1528_04:547; druck_1608_bern:550; druck_1608_zuerich:552; druck_1701:490	
Ps 75	Psalmen	75	5	1.0	Pſalm. 75. (2) | Pſalm. lxxv. (1) | Pſal. lxxv. (1) | Psalm 75. (1)	druck_1528:476; druck_1528_04:547; druck_1608_bern:550; druck_1608_zuerich:552; druck_1701:490	
Apg 11	Apostelgeschichte	11	4	1.0	Actuum 11. (2) | Actuum am xi. (1) | Actorum 11. (1)	a_v_1447_schlussredaktion:281; druck_1608_bern:193; druck_1608_zuerich:195,607	
Apg 21	Apostelgeschichte	21	4	1.0	Actorum. 21. (2) | Actorum 21. (1) | Actorum am 21. (1)	druck_1608_bern:551; druck_1608_zuerich:553,602; druck_1701:492	
Dtn 9	Deuteronomium	9	4	1.0	Deut. am 9. (2) | Deut. am ix. (1) | Deut.am 9. (1)	druck_1528_04:238; druck_1608_bern:236; druck_1608_zuerich:238; druck_1701:209	
Ex 28	Exodus	28	4	1.0	Exodi 28. (2) | Exodi. xxviii. (1) | Exodi am 28. (1)	a_v_1447_schlussredaktion:615; druck_1608_bern:456; druck_1608_zuerich:458; druck_1701:409	
Ez 34	Ezechiel	34	4	0.889	Ezech. 34. (2) | zech. 34. (1) | Ezech. 34 (1)	druck_1608_zuerich:753,776; druck_1701:591,615	
Gen 1	Genesis	1	4	1.0	"Geneſis.
1. (2) | Geneſis I. (1) | gen.

1. (1)"	druck_1608_bern:537; druck_1608_zuerich:539; druck_1701:479,565	
Gen 2	Genesis	2	4	0.857	Geneſis 2. Capit. (2) | generis ii cap (1) | Geneſis am 2. Cap. (1)	a_v_1447_schlussredaktion:506; druck_1608_bern:367; druck_1608_zuerich:369; druck_1701:328	
Hebr 3	Hebräer	3	4	0.941	"zun Hebreern am 3. (3) | zum Hebrehern
am iii (1)"	a_v_1447_schlussredaktion:265; druck_1608_bern:183; druck_1608_zuerich:185; druck_1701:160	
Hebr 8	Hebräer	8	4	0.933	"zun
Hebreern am 8. Capitel (3) | zum Hebrern
am viii (1)"	a_v_1447_schlussredaktion:492; druck_1608_bern:357; druck_1608_zuerich:359; druck_1701:319	
Jer 15	Jeremia	15	4	0.933	"Hieremia
am 15. (2) | Hieremia
am xv. (1) | Hieremia am
15. (1)"	druck_1528:413; druck_1608_bern:476; druck_1608_zuerich:478; druck_1701:426	
Jer 16	Jeremia	16	4	0.857	Hierem.am 16.cap. (2) | Hierem. am 16. Cap. (1) | Jeremie 16. Cap. (1)	druck_1608_bern:61; druck_1608_zuerich:63; druck_1701:48,127	
Jes 10	Jesaja	10	4	1.0	"Eſaie
10. (2) | Eſaie am x. (1) | Eſaie am
10. (1)"	druck_1528_04:238; druck_1608_bern:236; druck_1608_zuerich:238; druck_1701:209	
Jes 35	Jesaja	35	4	1.0	"Eſaie am 35. (2) | Esaie am xxxv. (1) | Esaie am
35. (1)"	druck_1528_04:505; druck_1608_bern:507; druck_1608_zuerich:509; druck_1701:453	
Jes 42	Jesaja	42	4	0.857	Eſaie 42. (2) | Eſaie am 42. Cap. (1) | Jesa. 42. (1)	druck_1608_bern:490; druck_1608_zuerich:492; druck_1701:438,525	
Jes 5	Jesaja	5	4	0.857	Esaije. v. (1) | Eſaie am v. (1) | Eſa. 5. (1) | Jeſa. 5. (1)	a_v_1447_schlussredaktion:329; druck_1528:203; druck_1701:568,576	
Kol 1	Kolosser	1	4	0.909	"Coloſſ. 1. (1) | zun Coloſſern am I. Cap. (1) | zun Coloſ. am I.
Capitel (1) | Coloſſ.
1. (1)"	druck_1608_zuerich:721; druck_1701:145,254,558	
Lk 18	Lukas	18	4	1.0	Luc. 18. (3) | Luce. am 18 (1)	druck_1608_zuerich:720,732; druck_1701:557,570	
Lk 20	Lukas	20	4	1.0	"Luce
am 20. Cap. (2) | Luce am xx. (1) | Luce am 20. Cap. (1)"	druck_1528_04:488; druck_1608_bern:491; druck_1608_zuerich:493; druck_1701:438	
Lk 23	Lukas	23	4	1.0	"Luce am 23.
Capitel. (2) | luce. xxiii. (1) | Luce am 23. Capitel (1)"	a_v_1447_schlussredaktion:619; druck_1608_bern:497; druck_1608_zuerich:499; druck_1701:444	
Lk 4	Lukas	4	4	1.0	"Luce am 4. Cap. (2) | Lucas iiii cap (1) | Luc. am 4.
Cap. (1)"	a_v_1447_schlussredaktion:406; druck_1608_bern:292; druck_1608_zuerich:294; druck_1701:260	
Mk 7	Markus	7	4	0.857	Marci 7. (2) | Mar. 7. (1) | Marc.7. (1)	druck_1608_bern:489; druck_1608_zuerich:491,686; druck_1701:524	
Num 28	Numeri	28	4	1.0	"Numeri am
28. (2) | Numeri. xxviii. (1) | Num.
am 28. (1)"	a_v_1447_schlussredaktion:588; druck_1608_bern:430; druck_1608_zuerich:432; druck_1701:385	
Offb 5	Offenbarung	5	4	0.952	Apocalipſi 5. Capit. (2) | Apocalipſi. v. cap. (1) | Apocalipſi.v.cap. (1)	druck_1528:408; druck_1528_04:468; druck_1608_bern:470; druck_1608_zuerich:472	
Ps 31	Psalmen	31	4	1.0	Pſalmo 31. (2) | Psalmo 31. (1) | Pſal. 31. (1)	druck_1608_bern:475; druck_1608_zuerich:477,733; druck_1701:425	
Ps 85	Psalmen	85	4	1.0	"Pſalmo 85. (2) | Pſal. lxxxv (1) | Pſal.
lxxxv. (1)"	druck_1528:175; druck_1528_04:497; druck_1608_bern:500; druck_1608_zuerich:502	
1 Thess 3	1 Thessalonicher	3	3	0.875	"zun Theſſalon.am 3. Cap. (1) | zun Theſſalon. am 3. Cap. (1) | zun Thessal.
am 3. Cap. (1)"	druck_1608_bern:467; druck_1608_zuerich:469; druck_1701:418	
Apg 16	Apostelgeschichte	16	3	0.857	"Act. 16. (2) | Acta
16 (1)"	a_v_1447_schlussredaktion:339; druck_1608_zuerich:764; druck_1701:602	
Apg 7	Apostelgeschichte	7	3	1.0	Actorum am 7. Capitel. (3)	druck_1608_bern:394; druck_1608_zuerich:396; druck_1701:354	
Dan 11	Daniel	11	3	1.0	Danielis am 11. (2) | Danielis xi. (1)	a_v_1447_schlussredaktion:605; druck_1608_bern:447; druck_1608_zuerich:449	
Dtn 12	Deuteronomium	12	3	1.0	Deut.am 12. (2) | Deut. am 12. (1)	druck_1608_bern:190; druck_1608_zuerich:192; druck_1701:167	
Dtn 18	Deuteronomium	18	3	1.0	Deut. 18. (3)	druck_1608_zuerich:727,816; druck_1701:657	
Dtn 34	Deuteronomium	34	3	1.0	"Deut.
34. (2) | Deut. 34. (1)"	druck_1608_bern:524; druck_1608_zuerich:526; druck_1701:469	
Eph 6	Epheser	6	3	1.0	"Epheſ.
am 6. (2) | Epheſ. am 6. (1)"	druck_1608_bern:193; druck_1608_zuerich:195; druck_1701:170	
Ex 2	Exodus	2	3	1.0	Exodi am 2. (2) | EXodi am 2. (1)	druck_1608_bern:530; druck_1608_zuerich:532; druck_1701:473	
Ez 3	Ezechiel	3	3	0.889	Ezechielis 3. (2) | Ezechielis am 3. Cap. (1)	druck_1608_bern:561; druck_1608_zuerich:563; druck_1701:500	
Gen 22	Genesis	22	3	0.857	Gen. 22. (2) | penesis am xxii cap (1)	a_v_1447_schlussredaktion:464; druck_1608_zuerich:727; druck_1701:564	
Gen 44	Genesis	44	3	1.0	Geneſis 44. (2) | Gen. am 44. (1)	druck_1608_bern:502; druck_1608_zuerich:504; druck_1701:449	
Hebr 12	Hebräer	12	3	0.889	zun Hebreern am 12. (2) | zun Hebr. am 12. (1)	druck_1608_bern:229; druck_1608_zuerich:231; druck_1701:203	
Hebr 4	Hebräer	4	3	0.889	Hebr. 4. (3)	a_v_1444_cyro:12; druck_1608_bern:39; druck_1608_zuerich:41	
Hos 4	Hosea	4	3	1.0	Oſee am 4. (3)	druck_1608_bern:456; druck_1608_zuerich:458; druck_1701:409	
Jes 22	Jesaja	22	3	1.0	Eſaie 22. cap. (1) | Eſaie 22.cap. (1) | Eſa. 22. Cap. (1)	druck_1608_bern:76; druck_1608_zuerich:78; druck_1701:61	
Jes 24	Jesaja	24	3	1.0	Eſaie 24. Cap. (2) | Esaie am 24. Cap. (1)	druck_1608_bern:517; druck_1608_zuerich:519; druck_1701:462	
Joh 16	Johannes	16	3	0.875	"Johannis am xvi (2) | Johannis am
16. Capitel (1)"	a_v_1447_schlussredaktion:163,357; druck_1701:35	
Joh 19	Johannes	19	3	0.875	"Johannis am
xix. Capitel (1) | Johannis am xix. capitel (1) | Johannis am 19. Cap. (1)"	druck_1528:142; druck_1528_04:170; druck_1701:147	
Kol 4	Kolosser	4	3	1.0	zun Coloſſenſes am 4. (3)	druck_1608_bern:193; druck_1608_zuerich:195; druck_1701:170	
Lk 14	Lukas	14	3	1.0	Luc. am 14. (3)	druck_1608_bern:249; druck_1608_zuerich:251; druck_1701:222	
Lk 15	Lukas	15	3	1.0	Luc. 15. (2) | Luce am xv. cap. (1)	druck_1528:426; druck_1608_zuerich:732; druck_1701:569	
Lk 21	Lukas	21	3	1.0	Luce am 21. (3)	druck_1608_bern:444; druck_1608_zuerich:446; druck_1701:397	
Lk 3	Lukas	3	3	0.889	Luca. 3. (2) | Luca am 3. (1)	druck_1608_bern:364; druck_1608_zuerich:366; druck_1701:326	
Lk 7	Lukas	7	3	1.0	"Luce am 7.
Capit. (2) | Luce am 7. Cap. (1)"	druck_1608_bern:456; druck_1608_zuerich:458; druck_1701:409	
Mk 12	Markus	12	3	1.0	Marci 12. (2) | Marci am 12. (1)	druck_1608_bern:515; druck_1608_zuerich:517; druck_1701:460	
Mk 4	Markus	4	3	0.857	"Mar.
am 4. (2) | Marci am 4. (1)"	druck_1608_bern:192; druck_1608_zuerich:194; druck_1701:168	
Mt 13	Matthäus	13	3	0.889	Matt. 13. (2) | Matth. 13. (1)	druck_1608_zuerich:761; druck_1701:599,617	
Mt 14	Matthäus	14	3	1.0	"Matth. am 14. (1) | Matth.am 14. (1) | Matth.
am 14. (1)"	druck_1608_bern:505; druck_1608_zuerich:507; druck_1701:451	
Mt 21	Matthäus	21	3	1.0	Matth. am 21. Cap. (2) | Matthei am 21. Capitel (1)	druck_1608_bern:342; druck_1608_zuerich:344; druck_1701:306	
Mt 29	Matthäus	29	3	1.0	"Matth. 29. (2) | Matthei
am 29. (1)"	druck_1608_bern:460; druck_1608_zuerich:462; druck_1701:412	
Num 6	Numeri	6	3	1.0	"Numeri
am 6. Capit. (2) | Numeri am 6. Cap. (1)"	druck_1608_bern:547; druck_1608_zuerich:549; druck_1701:488	
Offb 3	Offenbarung	3	3	0.909	"Apocalipſis
am 3.cap. (2) | Apocalypſis am 3.Cap. (1)"	druck_1608_bern:163; druck_1608_zuerich:165; druck_1701:141	
Ps 14	Psalmen	14	3	1.0	Pſalm. 14. (2) | Pſalm 14. (1)	druck_1608_bern:500; druck_1608_zuerich:502; druck_1701:447	
Ps 8	Psalmen	8	3	1.0	Pſalmo 8. (1) | Psalmo 8. (1) | Psalm. 8. (1)	druck_1608_bern:382; druck_1608_zuerich:384; druck_1701:343	
Ps 88	Psalmen	88	3	0.857	"Psa.
88. (2) | Palmo
lxxxviii. (1)"	a_v_1447_schlussredaktion:295; druck_1608_bern:206; druck_1608_zuerich:208	
Röm 11	Römer	11	3	1.0	Rom. 11. (2) | Romanos am xi. (1)	a_v_1447_schlussredaktion:344; druck_1701:534,585	
Spr 2	Sprüche	2	3	1.0	Spruch am 2. (3)	druck_1608_bern:215; druck_1608_zuerich:217; druck_1701:190	
Spr 8	Sprüche	8	3	1.0	"Prouerbiorum. viii. (1) | prouerbiorum viii. (1) | prouerbiorum
viii. (1)"	a_v_1447_schlussredaktion:580,583	
1 Kor 14	1 Korinther	14	2	0.875	"Corinth. 14. Capit. (1) | Corinther
am 14. Cap. (1)"	druck_1608_zuerich:474; druck_1701:370	
1 Kor 4	1 Korinther	4	2	1.0	zun Corint. 4. cap. (1) | zun Corint.4.cap. (1)	druck_1608_bern:159; druck_1608_zuerich:161	
1 Kor 8	1 Korinther	8	2	1.0	zun Corinth. am 8. Cap. (2)	druck_1608_bern:299; druck_1608_zuerich:301	
1 Petr 4	1 Petrus	4	2	0.889	Petr. am 4. cap. (2)	druck_1608_bern:237; druck_1608_zuerich:239	
1 Thess 4	1 Thessalonicher	4	2	0.897	Thessalonicenses. iiii (1) | Theſſalonicen. 4. (1)	a_v_1447_schlussredaktion:697; druck_1701:470	
Am 6	Amos	6	2	1.0	"Amos. 6. (1) | Amos
am 6. Capitel (1)"	druck_1528_04:49; druck_1701:40	
Apg 3	Apostelgeschichte	3	2	0.857	Act.3. (1) | Actorum am 3. (1)	druck_1608_zuerich:719; druck_1701:556	
Apg 8	Apostelgeschichte	8	2	0.857	Act. 8. (1) | Act. 8 (1)	druck_1608_zuerich:737; druck_1701:575	
Dan 60	Daniel	60	2	0.857	Dann 60 (1) | dann 60 (1)	a_v_1447_schlussredaktion:281,575	
Dan 8	Daniel	8	2	0.857	Canielis. viii. (1) | nielis am 8. (1)	a_v_1447_schlussredaktion:279; druck_1701:167	
Dtn 17	Deuteronomium	17	2	1.0	Deut. 17. (2)	druck_1608_zuerich:824; druck_1701:665	
Dtn 25	Deuteronomium	25	2	1.0	Deut. 25. (2)	druck_1608_zuerich:739; druck_1701:576	
Dtn 6	Deuteronomium	6	2	1.0	Deut 6. (1) | Deut. 6. (1)	druck_1608_zuerich:687; druck_1701:525	
Ex 19	Exodus	19	2	0.857	Exo. 19. (1) | Exod. 19. (1)	druck_1608_zuerich:769; druck_1701:608	
Ex 22	Exodus	22	2	1.0	Exod. 22. (2)	druck_1608_zuerich:825; druck_1701:665	
Ex 34	Exodus	34	2	0.889	xodi 34. (1) | Exodi. 34. (1)	druck_1608_zuerich:687; druck_1701:525	
Ez 18	Ezechiel	18	2	0.889	Ezechielem am 18. (2)	druck_1608_bern:490; druck_1608_zuerich:492	
Ez 36	Ezechiel	36	2	1.0	Ezech. 36. (2)	druck_1608_zuerich:707; druck_1701:546	
Gen 18	Genesis	18	2	1.0	Geneſis am 18. Capitel (2)	druck_1608_bern:333; druck_1608_zuerich:335	
Hebr 11	Hebräer	11	2	1.0	zun Hebreern am 11. Capit. (2)	druck_1608_bern:330; druck_1608_zuerich:332	
Hebr 2	Hebräer	2	2	1.0	zun Hebreern am 2. Cap. (2)	druck_1701:332,343	
Hos 11	Hosea	11	2	1.0	Oſee am 11. (2)	druck_1608_bern:552; druck_1608_zuerich:554	
Jer 11	Jeremia	11	2	0.875	Iheremie am 11. Capitel (1) | Jheremie am 11. Capitel (1)	druck_1608_bern:367; druck_1608_zuerich:369	
Jes 25	Jesaja	25	2	1.0	Eſaie 25. Cap. (1) | Eſa.25.cap (1)	druck_1528:407; druck_1528_04:468	
Joh 12	Johannes	12	2	0.857	hannis am 12. Cap. (1) | Johannis am 12. Cap. (1)	druck_1701:147,150	
Joh 15	Johannes	15	2	0.875	Ioan.xv. (1) | Johannis am xv. (1)	druck_1528_04:34,198	
Lev 21	Leviticus	21	2	1.0	Leuitici am 21. (2)	druck_1608_bern:557; druck_1608_zuerich:559	
Lk 11	Lukas	11	2	1.0	Luc. 11. (2)	druck_1608_zuerich:735; druck_1701:572	
Lk 17	Lukas	17	2	1.0	Luc. 17. (2)	druck_1608_zuerich:749; druck_1701:587	
Lk 19	Lukas	19	2	1.0	Luc. 19. (2)	druck_1608_zuerich:736; druck_1701:574	
Lk 5	Lukas	5	2	1.0	Luce am v. (1) | Lucas am v.capitel (1)	a_v_1447_schlussredaktion:318; druck_1528_04:48	
Mal 1	Maleachi	1	2	1.0	Malachie am 1. (2)	druck_1608_bern:414; druck_1608_zuerich:416	
Mi 5	Micha	5	2	0.889	Mich. 5. (2)	druck_1608_zuerich:715; druck_1701:551	
Mk 10	Markus	10	2	0.857	Mar. 10. (1) | Marc. 10. (1)	druck_1608_zuerich:813; druck_1701:653	
Mk 3	Markus	3	2	0.857	Mar. 3. (1) | Marc. 3. (1)	druck_1608_zuerich:737; druck_1701:575	
Num 24	Numeri	24	2	1.0	Num. 24. (1) | Num. 24 (1)	druck_1608_zuerich:709; druck_1701:547	
Ps 113	Psalmen	113	2	1.0	Pſal. 113. (2)	druck_1608_zuerich:695; druck_1701:534	
Ps 139	Psalmen	139	2	1.0	Pſal. 139. (2)	druck_1608_zuerich:695; druck_1701:534	
Ps 148	Psalmen	148	2	1.0	in Pſal. 148. (2)	druck_1608_zuerich:698; druck_1701:536	
Ps 33	Psalmen	33	2	1.0	Pſal 33. (1) | Pſal. 33. (1)	druck_1608_zuerich:698; druck_1701:537	
Ps 36	Psalmen	36	2	1.0	Pſalm.36. (1) | Pſalm. 36. (1)	druck_1608_bern:247; druck_1608_zuerich:249	
Ps 5	Psalmen	5	2	1.0	"Pſalm
5. (1) | Pſalm.5. (1)"	druck_1608_zuerich:702; druck_1701:541	
Ps 51	Psalmen	51	2	1.0	Pſalm. 51. (1) | Pſal. 51. (1)	druck_1608_zuerich:790; druck_1701:630	
Ps 84	Psalmen	84	2	1.0	"Pſal. am
84. (2)"	druck_1608_bern:163; druck_1608_zuerich:165	
Ps 94	Psalmen	94	2	1.0	Pſal. 94. (2)	druck_1608_zuerich:696; druck_1701:535	
Tit 3	Titus	3	2	0.857	Tit. 3. (2)	druck_1608_zuerich:746; druck_1701:584	
1 Petr 15	1 Petrus	15	1	1.0	pite. xv. (1)	druck_1528:172	
1 Petr 8	1 Petrus	8	1	0.889	pitel 8 (1)	druck_1528:37	
1 Sam 15	1 Samuel	15	1	0.857	Reg. 15. (1)	druck_1528_04:49	
1 Sam 7	1 Samuel	7	1	0.909	"Künig am 7.
Capitel. (1)"	druck_1608_bern:531	
Apg 23	Apostelgeschichte	23	1	0.857	Act. 23 (1)	druck_1608_zuerich:697	
Apg 25	Apostelgeschichte	25	1	0.857	Act. 25. (1)	druck_1701:535	
Apg 81	Apostelgeschichte	81	1	1.0	Acta. 81. (1)	druck_1528:189	
Dan 150	Daniel	150	1	1.0	"dan
150 (1)"	a_v_1447_schlussredaktion:384	
Dan 5	Daniel	5	1	0.857	Dann V. (1)	druck_1608_zuerich:586	
Dan 6	Daniel	6	1	0.857	dann Vi (1)	a_v_1447_schlussredaktion:627	
Dan 94	Daniel	94	1	0.857	Dann vill (1)	a_v_1447_schlussredaktion:362	
Dtn 29	Deuteronomium	29	1	1.0	Deut. 29. (1)	druck_1608_zuerich:586	
Dtn 7	Deuteronomium	7	1	1.0	Deut am 7. (1)	druck_1701:136	
Eph 7	Epheser	7	1	0.857	Eph. 7. (1)	druck_1608_zuerich:754	
Ex 1	Exodus	1	1	1.0	Exod. am I. (1)	druck_1701:213	
Ex 4	Exodus	4	1	1.0	Exod. am 4. Cap. (1)	druck_1701:159	
Ez 44	Ezechiel	44	1	0.889	Ezechielis am 44. Capitel. (1)	druck_1701:176	
Ez 7	Ezechiel	7	1	0.933	"Ezehiel
7. (1)"	a_v_1445_schoeni:17	
Hebr 6	Hebräer	6	1	0.889	Ebre. 6. (1)	druck_1608_zuerich:605	
Hos 13	Hosea	13	1	0.889	Osea 13. (1)	druck_1528_04:7	
Jer 13	Jeremia	13	1	0.857	Ier 13. (1)	druck_1608_zuerich:748	
Jer 26	Jeremia	26	1	1.0	Hieremie am xxvi. (1)	druck_1528:440	
Jes 20	Jesaja	20	1	1.0	"Eſa.
20. (1)"	druck_1608_zuerich:592	
Jes 50	Jesaja	50	1	0.909	Esaije. xxxxx. (1)	a_v_1447_schlussredaktion:330	
Jes 66	Jesaja	66	1	0.857	Jeſa. 66. (1)	druck_1701:530	
Jes 9	Jesaja	9	1	1.0	Eſa. 9. (1)	druck_1701:611	
Joh 120	Johannes	120	1	0.875	Johannis cxx cap (1)	a_v_1447_schlussredaktion:211	
Joh 18	Johannes	18	1	0.875	Johannis xviii. (1)	a_v_1447_schlussredaktion:618	
Joh 8	Johannes	8	1	0.875	Johannis. viii. (1)	a_v_1447_schlussredaktion:626	
Joh 84	Johannes	84	1	0.875	Johannis xvic. (1)	a_v_1447_schlussredaktion:284	
Jos 4	Josua	4	1	0.857	sios. iiii. (1)	a_v_1447_schlussredaktion:738	
Kol 11	Kolosser	11	1	0.857	zum Collosensern am 11 cap (1)	a_v_1447_schlussredaktion:246	
Lk 13	Lukas	13	1	1.0	Luce. 13. cap. (1)	druck_1608_zuerich:711	
Lk 84	Lukas	84	1	0.857	Lucr. xvic. (1)	a_v_1447_schlussredaktion:644	
Mk 101	Markus	101	1	0.857	"Mar
ci (1)"	druck_1528_04:274	
Mk 13	Markus	13	1	1.0	Marci am 13. Capitel (1)	druck_1701:352	
Mt 22	Matthäus	22	1	1.0	Matthei am 22. (1)	druck_1701:464	
Mt 8	Matthäus	8	1	1.0	Mathei am viii. (1)	a_v_1447_schlussredaktion:280	
Ps 1	Psalmen	1	1	1.0	Psalmo. 1. (1)	a_v_1447_schlussredaktion:572	
Ps 104	Psalmen	104	1	1.0	Pſal. 104. (1)	druck_1608_zuerich:699	
Ps 118	Psalmen	118	1	1.0	in Pſal. 118. (1)	druck_1608_zuerich:592	
Ps 141	Psalmen	141	1	1.0	"Pſalmo
141. (1)"	druck_1701:463	
Ps 35	Psalmen	35	1	0.909	Palmo. xxxv (1)	a_v_1447_schlussredaktion:340	
Röm 16	Römer	16	1	0.909	zun Roͤmern am 16. Cap. (1)	druck_1701:81	
Röm 18	Römer	18	1	1.0	Rom 18. (1)	druck_1608_zuerich:747	
Röm 24	Römer	24	1	1.0	Romanos 24 (1)	a_v_1447_schlussredaktion:590	
Röm 7	Römer	7	1	0.909	Roͤmern am 7. (1)	druck_1608_zuerich:708	
Spr 3	Sprüche	3	1	0.909	pruch 3 (1)	a_v_1445_schoeni:50	
Spr 30	Sprüche	30	1	0.923	Prouer. 30 (1)	druck_1528_04:7	
